,Prices,Beds,Baths,SquareFt,Loc,p/sf
0,270000.0,4,3,2283,"Western Branch South, Chesapeake, VA",118.26544021024966
1,299750.0,4,2,1750,"South Norfolk, Chesapeake, VA",171.28571428571428
2,260000.0,3,2,2444,"North Chesterfield, VA",106.38297872340425
3,380000.0,5,3,2750,"Midlothian, VA",138.1818181818182
4,489000.0,3,3,2351,"Glen Allen, VA",207.99659719268396
5,285000.0,3,3,1440,"Chesterfield, VA",197.91666666666666
6,250000.0,4,3,2350,"Western Branch South, Chesapeake, VA",106.38297872340425
7,379000.0,4,3,1940,"Charlottesville, VA",195.36082474226805
8,300000.0,3,2,1905,"Williamsburg, VA",157.48031496062993
9,315000.0,4,4,2695,"North Chesterfield, VA",116.88311688311688
10,234950.0,3,2,1053,"Gloucester, VA",223.12440645773978
11,234900.0,4,2,1568,"Suffolk, VA",149.80867346938774
12,399999.0,4,2,2100,"Montross, VA",190.47571428571428
13,739000.0,4,3,2768,"Henrico, VA",266.9797687861272
14,255000.0,5,3,1900,"Suffolk, VA",134.21052631578948
15,299000.0,3,2,1300,"Suffolk, VA",230.0
16,375000.0,3,2,1569,"Suffolk, VA",239.0057361376673
17,285000.0,3,3,1704,"Williamsburg, VA",167.25352112676057
18,189900.0,2,2,979,"British Camp Farms, Richmond, VA",193.97344228804903
19,300000.0,3,3,2144,"Greenbrier West, Chesapeake, VA",139.92537313432837
20,195000.0,3,2,1248,"Indian River, Chesapeake, VA",156.25
21,259900.0,3,3,1363,"Mayfield, Fredericksburg, VA",190.68231841526045
22,500000.0,4,3,2300,"Great Bridge, Chesapeake, VA",217.3913043478261
23,240000.0,4,2,2620,"Mercury Central, Hampton, VA",91.6030534351145
24,310000.0,4,3,2000,"Great Bridge East, Chesapeake, VA",155.0
25,350000.0,4,3,2238,"Fredericksburg, VA",156.38963360142984
26,295000.0,4,3,2016,"Henrico, VA",146.3293650793651
27,305000.0,3,3,1620,"Henrico, VA",188.2716049382716
28,1495000.0,4,6,4758,"Huguenot, Richmond, VA",314.20765027322403
29,897500.0,4,5,3385,"Hayes, VA",265.1403249630724
30,270000.0,4,3,2283,"Western Branch South, Chesapeake, VA",118.26544021024966
31,299750.0,4,2,1750,"South Norfolk, Chesapeake, VA",171.28571428571428
32,260000.0,3,2,2444,"North Chesterfield, VA",106.38297872340425
33,380000.0,5,3,2750,"Midlothian, VA",138.1818181818182
34,489000.0,3,3,2351,"Glen Allen, VA",207.99659719268396
35,285000.0,3,3,1440,"Chesterfield, VA",197.91666666666666
36,250000.0,4,3,2350,"Western Branch South, Chesapeake, VA",106.38297872340425
37,379000.0,4,3,1940,"Charlottesville, VA",195.36082474226805
38,300000.0,3,2,1905,"Williamsburg, VA",157.48031496062993
39,315000.0,4,4,2695,"North Chesterfield, VA",116.88311688311688
40,234950.0,3,2,1053,"Gloucester, VA",223.12440645773978
41,234900.0,4,2,1568,"Suffolk, VA",149.80867346938774
42,399999.0,4,2,2100,"Montross, VA",190.47571428571428
43,739000.0,4,3,2768,"Henrico, VA",266.9797687861272
44,255000.0,5,3,1900,"Suffolk, VA",134.21052631578948
45,299000.0,3,2,1300,"Suffolk, VA",230.0
46,375000.0,3,2,1569,"Suffolk, VA",239.0057361376673
47,285000.0,3,3,1704,"Williamsburg, VA",167.25352112676057
48,189900.0,2,2,979,"British Camp Farms, Richmond, VA",193.97344228804903
49,300000.0,3,3,2144,"Greenbrier West, Chesapeake, VA",139.92537313432837
50,195000.0,3,2,1248,"Indian River, Chesapeake, VA",156.25
51,259900.0,3,3,1363,"Mayfield, Fredericksburg, VA",190.68231841526045
52,500000.0,4,3,2300,"Great Bridge, Chesapeake, VA",217.3913043478261
53,240000.0,4,2,2620,"Mercury Central, Hampton, VA",91.6030534351145
54,310000.0,4,3,2000,"Great Bridge East, Chesapeake, VA",155.0
55,350000.0,4,3,2238,"Fredericksburg, VA",156.38963360142984
56,295000.0,4,3,2016,"Henrico, VA",146.3293650793651
57,305000.0,3,3,1620,"Henrico, VA",188.2716049382716
58,1495000.0,4,6,4758,"Huguenot, Richmond, VA",314.20765027322403
59,897500.0,4,5,3385,"Hayes, VA",265.1403249630724
60,270000.0,4,3,2283,"Western Branch South, Chesapeake, VA",118.26544021024966
61,299750.0,4,2,1750,"South Norfolk, Chesapeake, VA",171.28571428571428
62,260000.0,3,2,2444,"North Chesterfield, VA",106.38297872340425
63,380000.0,5,3,2750,"Midlothian, VA",138.1818181818182
64,489000.0,3,3,2351,"Glen Allen, VA",207.99659719268396
65,285000.0,3,3,1440,"Chesterfield, VA",197.91666666666666
66,250000.0,4,3,2350,"Western Branch South, Chesapeake, VA",106.38297872340425
67,379000.0,4,3,1940,"Charlottesville, VA",195.36082474226805
68,300000.0,3,2,1905,"Williamsburg, VA",157.48031496062993
69,315000.0,4,4,2695,"North Chesterfield, VA",116.88311688311688
70,234950.0,3,2,1053,"Gloucester, VA",223.12440645773978
71,234900.0,4,2,1568,"Suffolk, VA",149.80867346938774
72,399999.0,4,2,2100,"Montross, VA",190.47571428571428
73,739000.0,4,3,2768,"Henrico, VA",266.9797687861272
74,255000.0,5,3,1900,"Suffolk, VA",134.21052631578948
75,299000.0,3,2,1300,"Suffolk, VA",230.0
76,375000.0,3,2,1569,"Suffolk, VA",239.0057361376673
77,285000.0,3,3,1704,"Williamsburg, VA",167.25352112676057
78,189900.0,2,2,979,"British Camp Farms, Richmond, VA",193.97344228804903
79,300000.0,3,3,2144,"Greenbrier West, Chesapeake, VA",139.92537313432837
80,195000.0,3,2,1248,"Indian River, Chesapeake, VA",156.25
81,259900.0,3,3,1363,"Mayfield, Fredericksburg, VA",190.68231841526045
82,500000.0,4,3,2300,"Great Bridge, Chesapeake, VA",217.3913043478261
83,240000.0,4,2,2620,"Mercury Central, Hampton, VA",91.6030534351145
84,310000.0,4,3,2000,"Great Bridge East, Chesapeake, VA",155.0
85,350000.0,4,3,2238,"Fredericksburg, VA",156.38963360142984
86,295000.0,4,3,2016,"Henrico, VA",146.3293650793651
87,305000.0,3,3,1620,"Henrico, VA",188.2716049382716
88,1495000.0,4,6,4758,"Huguenot, Richmond, VA",314.20765027322403
89,897500.0,4,5,3385,"Hayes, VA",265.1403249630724
90,270000.0,4,3,2283,"Western Branch South, Chesapeake, VA",118.26544021024966
91,299750.0,4,2,1750,"South Norfolk, Chesapeake, VA",171.28571428571428
92,260000.0,3,2,2444,"North Chesterfield, VA",106.38297872340425
93,380000.0,5,3,2750,"Midlothian, VA",138.1818181818182
94,489000.0,3,3,2351,"Glen Allen, VA",207.99659719268396
95,285000.0,3,3,1440,"Chesterfield, VA",197.91666666666666
96,250000.0,4,3,2350,"Western Branch South, Chesapeake, VA",106.38297872340425
97,379000.0,4,3,1940,"Charlottesville, VA",195.36082474226805
98,300000.0,3,2,1905,"Williamsburg, VA",157.48031496062993
99,315000.0,4,4,2695,"North Chesterfield, VA",116.88311688311688
100,234950.0,3,2,1053,"Gloucester, VA",223.12440645773978
101,234900.0,4,2,1568,"Suffolk, VA",149.80867346938774
102,399999.0,4,2,2100,"Montross, VA",190.47571428571428
103,739000.0,4,3,2768,"Henrico, VA",266.9797687861272
104,255000.0,5,3,1900,"Suffolk, VA",134.21052631578948
105,299000.0,3,2,1300,"Suffolk, VA",230.0
106,375000.0,3,2,1569,"Suffolk, VA",239.0057361376673
107,285000.0,3,3,1704,"Williamsburg, VA",167.25352112676057
108,189900.0,2,2,979,"British Camp Farms, Richmond, VA",193.97344228804903
109,300000.0,3,3,2144,"Greenbrier West, Chesapeake, VA",139.92537313432837
110,195000.0,3,2,1248,"Indian River, Chesapeake, VA",156.25
111,259900.0,3,3,1363,"Mayfield, Fredericksburg, VA",190.68231841526045
112,500000.0,4,3,2300,"Great Bridge, Chesapeake, VA",217.3913043478261
113,240000.0,4,2,2620,"Mercury Central, Hampton, VA",91.6030534351145
114,310000.0,4,3,2000,"Great Bridge East, Chesapeake, VA",155.0
115,350000.0,4,3,2238,"Fredericksburg, VA",156.38963360142984
116,295000.0,4,3,2016,"Henrico, VA",146.3293650793651
117,305000.0,3,3,1620,"Henrico, VA",188.2716049382716
118,1495000.0,4,6,4758,"Huguenot, Richmond, VA",314.20765027322403
119,897500.0,4,5,3385,"Hayes, VA",265.1403249630724
120,270000.0,4,3,2283,"Western Branch South, Chesapeake, VA",118.26544021024966
121,299750.0,4,2,1750,"South Norfolk, Chesapeake, VA",171.28571428571428
122,260000.0,3,2,2444,"North Chesterfield, VA",106.38297872340425
123,380000.0,5,3,2750,"Midlothian, VA",138.1818181818182
124,489000.0,3,3,2351,"Glen Allen, VA",207.99659719268396
125,285000.0,3,3,1440,"Chesterfield, VA",197.91666666666666
126,250000.0,4,3,2350,"Western Branch South, Chesapeake, VA",106.38297872340425
127,379000.0,4,3,1940,"Charlottesville, VA",195.36082474226805
128,300000.0,3,2,1905,"Williamsburg, VA",157.48031496062993
129,315000.0,4,4,2695,"North Chesterfield, VA",116.88311688311688
130,234950.0,3,2,1053,"Gloucester, VA",223.12440645773978
131,234900.0,4,2,1568,"Suffolk, VA",149.80867346938774
132,399999.0,4,2,2100,"Montross, VA",190.47571428571428
133,739000.0,4,3,2768,"Henrico, VA",266.9797687861272
134,255000.0,5,3,1900,"Suffolk, VA",134.21052631578948
135,299000.0,3,2,1300,"Suffolk, VA",230.0
136,375000.0,3,2,1569,"Suffolk, VA",239.0057361376673
137,285000.0,3,3,1704,"Williamsburg, VA",167.25352112676057
138,189900.0,2,2,979,"British Camp Farms, Richmond, VA",193.97344228804903
139,300000.0,3,3,2144,"Greenbrier West, Chesapeake, VA",139.92537313432837
140,195000.0,3,2,1248,"Indian River, Chesapeake, VA",156.25
141,259900.0,3,3,1363,"Mayfield, Fredericksburg, VA",190.68231841526045
142,500000.0,4,3,2300,"Great Bridge, Chesapeake, VA",217.3913043478261
143,240000.0,4,2,2620,"Mercury Central, Hampton, VA",91.6030534351145
144,310000.0,4,3,2000,"Great Bridge East, Chesapeake, VA",155.0
145,350000.0,4,3,2238,"Fredericksburg, VA",156.38963360142984
146,295000.0,4,3,2016,"Henrico, VA",146.3293650793651
147,305000.0,3,3,1620,"Henrico, VA",188.2716049382716
148,1495000.0,4,6,4758,"Huguenot, Richmond, VA",314.20765027322403
149,897500.0,4,5,3385,"Hayes, VA",265.1403249630724
150,270000.0,4,3,2283,"Western Branch South, Chesapeake, VA",118.26544021024966
151,299750.0,4,2,1750,"South Norfolk, Chesapeake, VA",171.28571428571428
152,260000.0,3,2,2444,"North Chesterfield, VA",106.38297872340425
153,380000.0,5,3,2750,"Midlothian, VA",138.1818181818182
154,489000.0,3,3,2351,"Glen Allen, VA",207.99659719268396
155,285000.0,3,3,1440,"Chesterfield, VA",197.91666666666666
156,250000.0,4,3,2350,"Western Branch South, Chesapeake, VA",106.38297872340425
157,379000.0,4,3,1940,"Charlottesville, VA",195.36082474226805
158,300000.0,3,2,1905,"Williamsburg, VA",157.48031496062993
159,315000.0,4,4,2695,"North Chesterfield, VA",116.88311688311688
160,234950.0,3,2,1053,"Gloucester, VA",223.12440645773978
161,234900.0,4,2,1568,"Suffolk, VA",149.80867346938774
162,399999.0,4,2,2100,"Montross, VA",190.47571428571428
163,739000.0,4,3,2768,"Henrico, VA",266.9797687861272
164,255000.0,5,3,1900,"Suffolk, VA",134.21052631578948
165,299000.0,3,2,1300,"Suffolk, VA",230.0
166,375000.0,3,2,1569,"Suffolk, VA",239.0057361376673
167,285000.0,3,3,1704,"Williamsburg, VA",167.25352112676057
168,189900.0,2,2,979,"British Camp Farms, Richmond, VA",193.97344228804903
169,300000.0,3,3,2144,"Greenbrier West, Chesapeake, VA",139.92537313432837
170,195000.0,3,2,1248,"Indian River, Chesapeake, VA",156.25
171,259900.0,3,3,1363,"Mayfield, Fredericksburg, VA",190.68231841526045
172,500000.0,4,3,2300,"Great Bridge, Chesapeake, VA",217.3913043478261
173,240000.0,4,2,2620,"Mercury Central, Hampton, VA",91.6030534351145
174,310000.0,4,3,2000,"Great Bridge East, Chesapeake, VA",155.0
175,350000.0,4,3,2238,"Fredericksburg, VA",156.38963360142984
176,295000.0,4,3,2016,"Henrico, VA",146.3293650793651
177,305000.0,3,3,1620,"Henrico, VA",188.2716049382716
178,1495000.0,4,6,4758,"Huguenot, Richmond, VA",314.20765027322403
179,897500.0,4,5,3385,"Hayes, VA",265.1403249630724
180,270000.0,4,3,2283,"Western Branch South, Chesapeake, VA",118.26544021024966
181,299750.0,4,2,1750,"South Norfolk, Chesapeake, VA",171.28571428571428
182,260000.0,3,2,2444,"North Chesterfield, VA",106.38297872340425
183,380000.0,5,3,2750,"Midlothian, VA",138.1818181818182
184,489000.0,3,3,2351,"Glen Allen, VA",207.99659719268396
185,285000.0,3,3,1440,"Chesterfield, VA",197.91666666666666
186,250000.0,4,3,2350,"Western Branch South, Chesapeake, VA",106.38297872340425
187,379000.0,4,3,1940,"Charlottesville, VA",195.36082474226805
188,300000.0,3,2,1905,"Williamsburg, VA",157.48031496062993
189,315000.0,4,4,2695,"North Chesterfield, VA",116.88311688311688
190,234950.0,3,2,1053,"Gloucester, VA",223.12440645773978
191,234900.0,4,2,1568,"Suffolk, VA",149.80867346938774
192,399999.0,4,2,2100,"Montross, VA",190.47571428571428
193,739000.0,4,3,2768,"Henrico, VA",266.9797687861272
194,255000.0,5,3,1900,"Suffolk, VA",134.21052631578948
195,299000.0,3,2,1300,"Suffolk, VA",230.0
196,375000.0,3,2,1569,"Suffolk, VA",239.0057361376673
197,285000.0,3,3,1704,"Williamsburg, VA",167.25352112676057
198,189900.0,2,2,979,"British Camp Farms, Richmond, VA",193.97344228804903
199,300000.0,3,3,2144,"Greenbrier West, Chesapeake, VA",139.92537313432837
200,195000.0,3,2,1248,"Indian River, Chesapeake, VA",156.25
201,259900.0,3,3,1363,"Mayfield, Fredericksburg, VA",190.68231841526045
202,500000.0,4,3,2300,"Great Bridge, Chesapeake, VA",217.3913043478261
203,240000.0,4,2,2620,"Mercury Central, Hampton, VA",91.6030534351145
204,310000.0,4,3,2000,"Great Bridge East, Chesapeake, VA",155.0
205,350000.0,4,3,2238,"Fredericksburg, VA",156.38963360142984
206,295000.0,4,3,2016,"Henrico, VA",146.3293650793651
207,305000.0,3,3,1620,"Henrico, VA",188.2716049382716
208,1495000.0,4,6,4758,"Huguenot, Richmond, VA",314.20765027322403
209,897500.0,4,5,3385,"Hayes, VA",265.1403249630724
210,270000.0,4,3,2283,"Western Branch South, Chesapeake, VA",118.26544021024966
211,299750.0,4,2,1750,"South Norfolk, Chesapeake, VA",171.28571428571428
212,260000.0,3,2,2444,"North Chesterfield, VA",106.38297872340425
213,380000.0,5,3,2750,"Midlothian, VA",138.1818181818182
214,489000.0,3,3,2351,"Glen Allen, VA",207.99659719268396
215,285000.0,3,3,1440,"Chesterfield, VA",197.91666666666666
216,250000.0,4,3,2350,"Western Branch South, Chesapeake, VA",106.38297872340425
217,379000.0,4,3,1940,"Charlottesville, VA",195.36082474226805
218,300000.0,3,2,1905,"Williamsburg, VA",157.48031496062993
219,315000.0,4,4,2695,"North Chesterfield, VA",116.88311688311688
220,234950.0,3,2,1053,"Gloucester, VA",223.12440645773978
221,234900.0,4,2,1568,"Suffolk, VA",149.80867346938774
222,399999.0,4,2,2100,"Montross, VA",190.47571428571428
223,739000.0,4,3,2768,"Henrico, VA",266.9797687861272
224,255000.0,5,3,1900,"Suffolk, VA",134.21052631578948
225,299000.0,3,2,1300,"Suffolk, VA",230.0
226,375000.0,3,2,1569,"Suffolk, VA",239.0057361376673
227,285000.0,3,3,1704,"Williamsburg, VA",167.25352112676057
228,189900.0,2,2,979,"British Camp Farms, Richmond, VA",193.97344228804903
229,300000.0,3,3,2144,"Greenbrier West, Chesapeake, VA",139.92537313432837
230,195000.0,3,2,1248,"Indian River, Chesapeake, VA",156.25
231,259900.0,3,3,1363,"Mayfield, Fredericksburg, VA",190.68231841526045
232,500000.0,4,3,2300,"Great Bridge, Chesapeake, VA",217.3913043478261
233,240000.0,4,2,2620,"Mercury Central, Hampton, VA",91.6030534351145
234,310000.0,4,3,2000,"Great Bridge East, Chesapeake, VA",155.0
235,350000.0,4,3,2238,"Fredericksburg, VA",156.38963360142984
236,295000.0,4,3,2016,"Henrico, VA",146.3293650793651
237,305000.0,3,3,1620,"Henrico, VA",188.2716049382716
238,1495000.0,4,6,4758,"Huguenot, Richmond, VA",314.20765027322403
239,897500.0,4,5,3385,"Hayes, VA",265.1403249630724
240,270000.0,4,3,2283,"Western Branch South, Chesapeake, VA",118.26544021024966
241,299750.0,4,2,1750,"South Norfolk, Chesapeake, VA",171.28571428571428
242,260000.0,3,2,2444,"North Chesterfield, VA",106.38297872340425
243,380000.0,5,3,2750,"Midlothian, VA",138.1818181818182
244,489000.0,3,3,2351,"Glen Allen, VA",207.99659719268396
245,285000.0,3,3,1440,"Chesterfield, VA",197.91666666666666
246,250000.0,4,3,2350,"Western Branch South, Chesapeake, VA",106.38297872340425
247,379000.0,4,3,1940,"Charlottesville, VA",195.36082474226805
248,300000.0,3,2,1905,"Williamsburg, VA",157.48031496062993
249,315000.0,4,4,2695,"North Chesterfield, VA",116.88311688311688
250,234950.0,3,2,1053,"Gloucester, VA",223.12440645773978
251,234900.0,4,2,1568,"Suffolk, VA",149.80867346938774
252,399999.0,4,2,2100,"Montross, VA",190.47571428571428
253,739000.0,4,3,2768,"Henrico, VA",266.9797687861272
254,255000.0,5,3,1900,"Suffolk, VA",134.21052631578948
255,299000.0,3,2,1300,"Suffolk, VA",230.0
256,375000.0,3,2,1569,"Suffolk, VA",239.0057361376673
257,285000.0,3,3,1704,"Williamsburg, VA",167.25352112676057
258,189900.0,2,2,979,"British Camp Farms, Richmond, VA",193.97344228804903
259,300000.0,3,3,2144,"Greenbrier West, Chesapeake, VA",139.92537313432837
260,195000.0,3,2,1248,"Indian River, Chesapeake, VA",156.25
261,259900.0,3,3,1363,"Mayfield, Fredericksburg, VA",190.68231841526045
262,500000.0,4,3,2300,"Great Bridge, Chesapeake, VA",217.3913043478261
263,240000.0,4,2,2620,"Mercury Central, Hampton, VA",91.6030534351145
264,310000.0,4,3,2000,"Great Bridge East, Chesapeake, VA",155.0
265,350000.0,4,3,2238,"Fredericksburg, VA",156.38963360142984
266,295000.0,4,3,2016,"Henrico, VA",146.3293650793651
267,305000.0,3,3,1620,"Henrico, VA",188.2716049382716
268,1495000.0,4,6,4758,"Huguenot, Richmond, VA",314.20765027322403
269,897500.0,4,5,3385,"Hayes, VA",265.1403249630724
270,270000.0,4,3,2283,"Western Branch South, Chesapeake, VA",118.26544021024966
271,299750.0,4,2,1750,"South Norfolk, Chesapeake, VA",171.28571428571428
272,260000.0,3,2,2444,"North Chesterfield, VA",106.38297872340425
273,380000.0,5,3,2750,"Midlothian, VA",138.1818181818182
274,489000.0,3,3,2351,"Glen Allen, VA",207.99659719268396
275,285000.0,3,3,1440,"Chesterfield, VA",197.91666666666666
276,250000.0,4,3,2350,"Western Branch South, Chesapeake, VA",106.38297872340425
277,379000.0,4,3,1940,"Charlottesville, VA",195.36082474226805
278,300000.0,3,2,1905,"Williamsburg, VA",157.48031496062993
279,315000.0,4,4,2695,"North Chesterfield, VA",116.88311688311688
280,234950.0,3,2,1053,"Gloucester, VA",223.12440645773978
281,234900.0,4,2,1568,"Suffolk, VA",149.80867346938774
282,399999.0,4,2,2100,"Montross, VA",190.47571428571428
283,739000.0,4,3,2768,"Henrico, VA",266.9797687861272
284,255000.0,5,3,1900,"Suffolk, VA",134.21052631578948
285,299000.0,3,2,1300,"Suffolk, VA",230.0
286,375000.0,3,2,1569,"Suffolk, VA",239.0057361376673
287,285000.0,3,3,1704,"Williamsburg, VA",167.25352112676057
288,189900.0,2,2,979,"British Camp Farms, Richmond, VA",193.97344228804903
289,300000.0,3,3,2144,"Greenbrier West, Chesapeake, VA",139.92537313432837
290,195000.0,3,2,1248,"Indian River, Chesapeake, VA",156.25
291,259900.0,3,3,1363,"Mayfield, Fredericksburg, VA",190.68231841526045
292,500000.0,4,3,2300,"Great Bridge, Chesapeake, VA",217.3913043478261
293,240000.0,4,2,2620,"Mercury Central, Hampton, VA",91.6030534351145
294,310000.0,4,3,2000,"Great Bridge East, Chesapeake, VA",155.0
295,350000.0,4,3,2238,"Fredericksburg, VA",156.38963360142984
296,295000.0,4,3,2016,"Henrico, VA",146.3293650793651
297,305000.0,3,3,1620,"Henrico, VA",188.2716049382716
298,1495000.0,4,6,4758,"Huguenot, Richmond, VA",314.20765027322403
299,897500.0,4,5,3385,"Hayes, VA",265.1403249630724
300,270000.0,4,3,2283,"Western Branch South, Chesapeake, VA",118.26544021024966
301,299750.0,4,2,1750,"South Norfolk, Chesapeake, VA",171.28571428571428
302,260000.0,3,2,2444,"North Chesterfield, VA",106.38297872340425
303,380000.0,5,3,2750,"Midlothian, VA",138.1818181818182
304,489000.0,3,3,2351,"Glen Allen, VA",207.99659719268396
305,285000.0,3,3,1440,"Chesterfield, VA",197.91666666666666
306,250000.0,4,3,2350,"Western Branch South, Chesapeake, VA",106.38297872340425
307,379000.0,4,3,1940,"Charlottesville, VA",195.36082474226805
308,300000.0,3,2,1905,"Williamsburg, VA",157.48031496062993
309,315000.0,4,4,2695,"North Chesterfield, VA",116.88311688311688
310,234950.0,3,2,1053,"Gloucester, VA",223.12440645773978
311,234900.0,4,2,1568,"Suffolk, VA",149.80867346938774
312,399999.0,4,2,2100,"Montross, VA",190.47571428571428
313,739000.0,4,3,2768,"Henrico, VA",266.9797687861272
314,255000.0,5,3,1900,"Suffolk, VA",134.21052631578948
315,299000.0,3,2,1300,"Suffolk, VA",230.0
316,375000.0,3,2,1569,"Suffolk, VA",239.0057361376673
317,285000.0,3,3,1704,"Williamsburg, VA",167.25352112676057
318,189900.0,2,2,979,"British Camp Farms, Richmond, VA",193.97344228804903
319,300000.0,3,3,2144,"Greenbrier West, Chesapeake, VA",139.92537313432837
320,195000.0,3,2,1248,"Indian River, Chesapeake, VA",156.25
321,259900.0,3,3,1363,"Mayfield, Fredericksburg, VA",190.68231841526045
322,500000.0,4,3,2300,"Great Bridge, Chesapeake, VA",217.3913043478261
323,240000.0,4,2,2620,"Mercury Central, Hampton, VA",91.6030534351145
324,310000.0,4,3,2000,"Great Bridge East, Chesapeake, VA",155.0
325,350000.0,4,3,2238,"Fredericksburg, VA",156.38963360142984
326,295000.0,4,3,2016,"Henrico, VA",146.3293650793651
327,305000.0,3,3,1620,"Henrico, VA",188.2716049382716
328,1495000.0,4,6,4758,"Huguenot, Richmond, VA",314.20765027322403
329,897500.0,4,5,3385,"Hayes, VA",265.1403249630724
330,270000.0,4,3,2283,"Western Branch South, Chesapeake, VA",118.26544021024966
331,299750.0,4,2,1750,"South Norfolk, Chesapeake, VA",171.28571428571428
332,260000.0,3,2,2444,"North Chesterfield, VA",106.38297872340425
333,380000.0,5,3,2750,"Midlothian, VA",138.1818181818182
334,489000.0,3,3,2351,"Glen Allen, VA",207.99659719268396
335,285000.0,3,3,1440,"Chesterfield, VA",197.91666666666666
336,250000.0,4,3,2350,"Western Branch South, Chesapeake, VA",106.38297872340425
337,379000.0,4,3,1940,"Charlottesville, VA",195.36082474226805
338,300000.0,3,2,1905,"Williamsburg, VA",157.48031496062993
339,315000.0,4,4,2695,"North Chesterfield, VA",116.88311688311688
340,234950.0,3,2,1053,"Gloucester, VA",223.12440645773978
341,234900.0,4,2,1568,"Suffolk, VA",149.80867346938774
342,399999.0,4,2,2100,"Montross, VA",190.47571428571428
343,739000.0,4,3,2768,"Henrico, VA",266.9797687861272
344,255000.0,5,3,1900,"Suffolk, VA",134.21052631578948
345,299000.0,3,2,1300,"Suffolk, VA",230.0
346,375000.0,3,2,1569,"Suffolk, VA",239.0057361376673
347,285000.0,3,3,1704,"Williamsburg, VA",167.25352112676057
348,189900.0,2,2,979,"British Camp Farms, Richmond, VA",193.97344228804903
349,300000.0,3,3,2144,"Greenbrier West, Chesapeake, VA",139.92537313432837
350,195000.0,3,2,1248,"Indian River, Chesapeake, VA",156.25
351,259900.0,3,3,1363,"Mayfield, Fredericksburg, VA",190.68231841526045
352,500000.0,4,3,2300,"Great Bridge, Chesapeake, VA",217.3913043478261
353,240000.0,4,2,2620,"Mercury Central, Hampton, VA",91.6030534351145
354,310000.0,4,3,2000,"Great Bridge East, Chesapeake, VA",155.0
355,350000.0,4,3,2238,"Fredericksburg, VA",156.38963360142984
356,295000.0,4,3,2016,"Henrico, VA",146.3293650793651
357,305000.0,3,3,1620,"Henrico, VA",188.2716049382716
358,1495000.0,4,6,4758,"Huguenot, Richmond, VA",314.20765027322403
359,897500.0,4,5,3385,"Hayes, VA",265.1403249630724
360,270000.0,4,3,2283,"Western Branch South, Chesapeake, VA",118.26544021024966
361,299750.0,4,2,1750,"South Norfolk, Chesapeake, VA",171.28571428571428
362,260000.0,3,2,2444,"North Chesterfield, VA",106.38297872340425
363,380000.0,5,3,2750,"Midlothian, VA",138.1818181818182
364,489000.0,3,3,2351,"Glen Allen, VA",207.99659719268396
365,285000.0,3,3,1440,"Chesterfield, VA",197.91666666666666
366,250000.0,4,3,2350,"Western Branch South, Chesapeake, VA",106.38297872340425
367,379000.0,4,3,1940,"Charlottesville, VA",195.36082474226805
368,300000.0,3,2,1905,"Williamsburg, VA",157.48031496062993
369,315000.0,4,4,2695,"North Chesterfield, VA",116.88311688311688
370,234950.0,3,2,1053,"Gloucester, VA",223.12440645773978
371,234900.0,4,2,1568,"Suffolk, VA",149.80867346938774
372,399999.0,4,2,2100,"Montross, VA",190.47571428571428
373,739000.0,4,3,2768,"Henrico, VA",266.9797687861272
374,255000.0,5,3,1900,"Suffolk, VA",134.21052631578948
375,299000.0,3,2,1300,"Suffolk, VA",230.0
376,375000.0,3,2,1569,"Suffolk, VA",239.0057361376673
377,285000.0,3,3,1704,"Williamsburg, VA",167.25352112676057
378,189900.0,2,2,979,"British Camp Farms, Richmond, VA",193.97344228804903
379,300000.0,3,3,2144,"Greenbrier West, Chesapeake, VA",139.92537313432837
380,195000.0,3,2,1248,"Indian River, Chesapeake, VA",156.25
381,259900.0,3,3,1363,"Mayfield, Fredericksburg, VA",190.68231841526045
382,500000.0,4,3,2300,"Great Bridge, Chesapeake, VA",217.3913043478261
383,240000.0,4,2,2620,"Mercury Central, Hampton, VA",91.6030534351145
384,310000.0,4,3,2000,"Great Bridge East, Chesapeake, VA",155.0
385,350000.0,4,3,2238,"Fredericksburg, VA",156.38963360142984
386,295000.0,4,3,2016,"Henrico, VA",146.3293650793651
387,305000.0,3,3,1620,"Henrico, VA",188.2716049382716
388,1495000.0,4,6,4758,"Huguenot, Richmond, VA",314.20765027322403
389,897500.0,4,5,3385,"Hayes, VA",265.1403249630724
390,270000.0,4,3,2283,"Western Branch South, Chesapeake, VA",118.26544021024966
391,299750.0,4,2,1750,"South Norfolk, Chesapeake, VA",171.28571428571428
392,260000.0,3,2,2444,"North Chesterfield, VA",106.38297872340425
393,380000.0,5,3,2750,"Midlothian, VA",138.1818181818182
394,489000.0,3,3,2351,"Glen Allen, VA",207.99659719268396
395,285000.0,3,3,1440,"Chesterfield, VA",197.91666666666666
396,250000.0,4,3,2350,"Western Branch South, Chesapeake, VA",106.38297872340425
397,379000.0,4,3,1940,"Charlottesville, VA",195.36082474226805
398,300000.0,3,2,1905,"Williamsburg, VA",157.48031496062993
399,315000.0,4,4,2695,"North Chesterfield, VA",116.88311688311688
400,234950.0,3,2,1053,"Gloucester, VA",223.12440645773978
401,234900.0,4,2,1568,"Suffolk, VA",149.80867346938774
402,399999.0,4,2,2100,"Montross, VA",190.47571428571428
403,739000.0,4,3,2768,"Henrico, VA",266.9797687861272
404,255000.0,5,3,1900,"Suffolk, VA",134.21052631578948
405,299000.0,3,2,1300,"Suffolk, VA",230.0
406,375000.0,3,2,1569,"Suffolk, VA",239.0057361376673
407,285000.0,3,3,1704,"Williamsburg, VA",167.25352112676057
408,189900.0,2,2,979,"British Camp Farms, Richmond, VA",193.97344228804903
409,300000.0,3,3,2144,"Greenbrier West, Chesapeake, VA",139.92537313432837
410,195000.0,3,2,1248,"Indian River, Chesapeake, VA",156.25
411,259900.0,3,3,1363,"Mayfield, Fredericksburg, VA",190.68231841526045
412,500000.0,4,3,2300,"Great Bridge, Chesapeake, VA",217.3913043478261
413,240000.0,4,2,2620,"Mercury Central, Hampton, VA",91.6030534351145
414,310000.0,4,3,2000,"Great Bridge East, Chesapeake, VA",155.0
415,350000.0,4,3,2238,"Fredericksburg, VA",156.38963360142984
416,295000.0,4,3,2016,"Henrico, VA",146.3293650793651
417,305000.0,3,3,1620,"Henrico, VA",188.2716049382716
418,1495000.0,4,6,4758,"Huguenot, Richmond, VA",314.20765027322403
419,897500.0,4,5,3385,"Hayes, VA",265.1403249630724
420,270000.0,4,3,2283,"Western Branch South, Chesapeake, VA",118.26544021024966
421,299750.0,4,2,1750,"South Norfolk, Chesapeake, VA",171.28571428571428
422,260000.0,3,2,2444,"North Chesterfield, VA",106.38297872340425
423,380000.0,5,3,2750,"Midlothian, VA",138.1818181818182
424,489000.0,3,3,2351,"Glen Allen, VA",207.99659719268396
425,285000.0,3,3,1440,"Chesterfield, VA",197.91666666666666
426,250000.0,4,3,2350,"Western Branch South, Chesapeake, VA",106.38297872340425
427,379000.0,4,3,1940,"Charlottesville, VA",195.36082474226805
428,300000.0,3,2,1905,"Williamsburg, VA",157.48031496062993
429,315000.0,4,4,2695,"North Chesterfield, VA",116.88311688311688
430,234950.0,3,2,1053,"Gloucester, VA",223.12440645773978
431,234900.0,4,2,1568,"Suffolk, VA",149.80867346938774
432,399999.0,4,2,2100,"Montross, VA",190.47571428571428
433,739000.0,4,3,2768,"Henrico, VA",266.9797687861272
434,255000.0,5,3,1900,"Suffolk, VA",134.21052631578948
435,299000.0,3,2,1300,"Suffolk, VA",230.0
436,375000.0,3,2,1569,"Suffolk, VA",239.0057361376673
437,285000.0,3,3,1704,"Williamsburg, VA",167.25352112676057
438,189900.0,2,2,979,"British Camp Farms, Richmond, VA",193.97344228804903
439,300000.0,3,3,2144,"Greenbrier West, Chesapeake, VA",139.92537313432837
440,195000.0,3,2,1248,"Indian River, Chesapeake, VA",156.25
441,259900.0,3,3,1363,"Mayfield, Fredericksburg, VA",190.68231841526045
442,500000.0,4,3,2300,"Great Bridge, Chesapeake, VA",217.3913043478261
443,240000.0,4,2,2620,"Mercury Central, Hampton, VA",91.6030534351145
444,310000.0,4,3,2000,"Great Bridge East, Chesapeake, VA",155.0
445,350000.0,4,3,2238,"Fredericksburg, VA",156.38963360142984
446,295000.0,4,3,2016,"Henrico, VA",146.3293650793651
447,305000.0,3,3,1620,"Henrico, VA",188.2716049382716
448,1495000.0,4,6,4758,"Huguenot, Richmond, VA",314.20765027322403
449,897500.0,4,5,3385,"Hayes, VA",265.1403249630724
450,270000.0,4,3,2283,"Western Branch South, Chesapeake, VA",118.26544021024966
451,299750.0,4,2,1750,"South Norfolk, Chesapeake, VA",171.28571428571428
452,260000.0,3,2,2444,"North Chesterfield, VA",106.38297872340425
453,380000.0,5,3,2750,"Midlothian, VA",138.1818181818182
454,489000.0,3,3,2351,"Glen Allen, VA",207.99659719268396
455,285000.0,3,3,1440,"Chesterfield, VA",197.91666666666666
456,250000.0,4,3,2350,"Western Branch South, Chesapeake, VA",106.38297872340425
457,379000.0,4,3,1940,"Charlottesville, VA",195.36082474226805
458,300000.0,3,2,1905,"Williamsburg, VA",157.48031496062993
459,315000.0,4,4,2695,"North Chesterfield, VA",116.88311688311688
460,234950.0,3,2,1053,"Gloucester, VA",223.12440645773978
461,234900.0,4,2,1568,"Suffolk, VA",149.80867346938774
462,399999.0,4,2,2100,"Montross, VA",190.47571428571428
463,739000.0,4,3,2768,"Henrico, VA",266.9797687861272
464,255000.0,5,3,1900,"Suffolk, VA",134.21052631578948
465,299000.0,3,2,1300,"Suffolk, VA",230.0
466,375000.0,3,2,1569,"Suffolk, VA",239.0057361376673
467,285000.0,3,3,1704,"Williamsburg, VA",167.25352112676057
468,189900.0,2,2,979,"British Camp Farms, Richmond, VA",193.97344228804903
469,300000.0,3,3,2144,"Greenbrier West, Chesapeake, VA",139.92537313432837
470,195000.0,3,2,1248,"Indian River, Chesapeake, VA",156.25
471,259900.0,3,3,1363,"Mayfield, Fredericksburg, VA",190.68231841526045
472,500000.0,4,3,2300,"Great Bridge, Chesapeake, VA",217.3913043478261
473,240000.0,4,2,2620,"Mercury Central, Hampton, VA",91.6030534351145
474,310000.0,4,3,2000,"Great Bridge East, Chesapeake, VA",155.0
475,350000.0,4,3,2238,"Fredericksburg, VA",156.38963360142984
476,295000.0,4,3,2016,"Henrico, VA",146.3293650793651
477,305000.0,3,3,1620,"Henrico, VA",188.2716049382716
478,1495000.0,4,6,4758,"Huguenot, Richmond, VA",314.20765027322403
479,897500.0,4,5,3385,"Hayes, VA",265.1403249630724
480,270000.0,4,3,2283,"Western Branch South, Chesapeake, VA",118.26544021024966
481,299750.0,4,2,1750,"South Norfolk, Chesapeake, VA",171.28571428571428
482,260000.0,3,2,2444,"North Chesterfield, VA",106.38297872340425
483,380000.0,5,3,2750,"Midlothian, VA",138.1818181818182
484,489000.0,3,3,2351,"Glen Allen, VA",207.99659719268396
485,285000.0,3,3,1440,"Chesterfield, VA",197.91666666666666
486,250000.0,4,3,2350,"Western Branch South, Chesapeake, VA",106.38297872340425
487,379000.0,4,3,1940,"Charlottesville, VA",195.36082474226805
488,300000.0,3,2,1905,"Williamsburg, VA",157.48031496062993
489,315000.0,4,4,2695,"North Chesterfield, VA",116.88311688311688
490,234950.0,3,2,1053,"Gloucester, VA",223.12440645773978
491,234900.0,4,2,1568,"Suffolk, VA",149.80867346938774
492,399999.0,4,2,2100,"Montross, VA",190.47571428571428
493,739000.0,4,3,2768,"Henrico, VA",266.9797687861272
494,255000.0,5,3,1900,"Suffolk, VA",134.21052631578948
495,299000.0,3,2,1300,"Suffolk, VA",230.0
496,375000.0,3,2,1569,"Suffolk, VA",239.0057361376673
497,285000.0,3,3,1704,"Williamsburg, VA",167.25352112676057
498,189900.0,2,2,979,"British Camp Farms, Richmond, VA",193.97344228804903
499,300000.0,3,3,2144,"Greenbrier West, Chesapeake, VA",139.92537313432837
500,195000.0,3,2,1248,"Indian River, Chesapeake, VA",156.25
501,259900.0,3,3,1363,"Mayfield, Fredericksburg, VA",190.68231841526045
502,500000.0,4,3,2300,"Great Bridge, Chesapeake, VA",217.3913043478261
503,240000.0,4,2,2620,"Mercury Central, Hampton, VA",91.6030534351145
504,310000.0,4,3,2000,"Great Bridge East, Chesapeake, VA",155.0
505,350000.0,4,3,2238,"Fredericksburg, VA",156.38963360142984
506,295000.0,4,3,2016,"Henrico, VA",146.3293650793651
507,305000.0,3,3,1620,"Henrico, VA",188.2716049382716
508,1495000.0,4,6,4758,"Huguenot, Richmond, VA",314.20765027322403
509,897500.0,4,5,3385,"Hayes, VA",265.1403249630724
510,270000.0,4,3,2283,"Western Branch South, Chesapeake, VA",118.26544021024966
511,299750.0,4,2,1750,"South Norfolk, Chesapeake, VA",171.28571428571428
512,260000.0,3,2,2444,"North Chesterfield, VA",106.38297872340425
513,380000.0,5,3,2750,"Midlothian, VA",138.1818181818182
514,489000.0,3,3,2351,"Glen Allen, VA",207.99659719268396
515,285000.0,3,3,1440,"Chesterfield, VA",197.91666666666666
516,250000.0,4,3,2350,"Western Branch South, Chesapeake, VA",106.38297872340425
517,379000.0,4,3,1940,"Charlottesville, VA",195.36082474226805
518,300000.0,3,2,1905,"Williamsburg, VA",157.48031496062993
519,315000.0,4,4,2695,"North Chesterfield, VA",116.88311688311688
520,234950.0,3,2,1053,"Gloucester, VA",223.12440645773978
521,234900.0,4,2,1568,"Suffolk, VA",149.80867346938774
522,399999.0,4,2,2100,"Montross, VA",190.47571428571428
523,739000.0,4,3,2768,"Henrico, VA",266.9797687861272
524,255000.0,5,3,1900,"Suffolk, VA",134.21052631578948
525,299000.0,3,2,1300,"Suffolk, VA",230.0
526,375000.0,3,2,1569,"Suffolk, VA",239.0057361376673
527,285000.0,3,3,1704,"Williamsburg, VA",167.25352112676057
528,189900.0,2,2,979,"British Camp Farms, Richmond, VA",193.97344228804903
529,300000.0,3,3,2144,"Greenbrier West, Chesapeake, VA",139.92537313432837
530,195000.0,3,2,1248,"Indian River, Chesapeake, VA",156.25
531,259900.0,3,3,1363,"Mayfield, Fredericksburg, VA",190.68231841526045
532,500000.0,4,3,2300,"Great Bridge, Chesapeake, VA",217.3913043478261
533,240000.0,4,2,2620,"Mercury Central, Hampton, VA",91.6030534351145
534,310000.0,4,3,2000,"Great Bridge East, Chesapeake, VA",155.0
535,350000.0,4,3,2238,"Fredericksburg, VA",156.38963360142984
536,295000.0,4,3,2016,"Henrico, VA",146.3293650793651
537,305000.0,3,3,1620,"Henrico, VA",188.2716049382716
538,1495000.0,4,6,4758,"Huguenot, Richmond, VA",314.20765027322403
539,897500.0,4,5,3385,"Hayes, VA",265.1403249630724
540,270000.0,4,3,2283,"Western Branch South, Chesapeake, VA",118.26544021024966
541,299750.0,4,2,1750,"South Norfolk, Chesapeake, VA",171.28571428571428
542,260000.0,3,2,2444,"North Chesterfield, VA",106.38297872340425
543,380000.0,5,3,2750,"Midlothian, VA",138.1818181818182
544,489000.0,3,3,2351,"Glen Allen, VA",207.99659719268396
545,285000.0,3,3,1440,"Chesterfield, VA",197.91666666666666
546,250000.0,4,3,2350,"Western Branch South, Chesapeake, VA",106.38297872340425
547,379000.0,4,3,1940,"Charlottesville, VA",195.36082474226805
548,300000.0,3,2,1905,"Williamsburg, VA",157.48031496062993
549,315000.0,4,4,2695,"North Chesterfield, VA",116.88311688311688
550,234950.0,3,2,1053,"Gloucester, VA",223.12440645773978
551,234900.0,4,2,1568,"Suffolk, VA",149.80867346938774
552,399999.0,4,2,2100,"Montross, VA",190.47571428571428
553,739000.0,4,3,2768,"Henrico, VA",266.9797687861272
554,255000.0,5,3,1900,"Suffolk, VA",134.21052631578948
555,299000.0,3,2,1300,"Suffolk, VA",230.0
556,375000.0,3,2,1569,"Suffolk, VA",239.0057361376673
557,285000.0,3,3,1704,"Williamsburg, VA",167.25352112676057
558,189900.0,2,2,979,"British Camp Farms, Richmond, VA",193.97344228804903
559,300000.0,3,3,2144,"Greenbrier West, Chesapeake, VA",139.92537313432837
560,195000.0,3,2,1248,"Indian River, Chesapeake, VA",156.25
561,259900.0,3,3,1363,"Mayfield, Fredericksburg, VA",190.68231841526045
562,500000.0,4,3,2300,"Great Bridge, Chesapeake, VA",217.3913043478261
563,240000.0,4,2,2620,"Mercury Central, Hampton, VA",91.6030534351145
564,310000.0,4,3,2000,"Great Bridge East, Chesapeake, VA",155.0
565,350000.0,4,3,2238,"Fredericksburg, VA",156.38963360142984
566,295000.0,4,3,2016,"Henrico, VA",146.3293650793651
567,305000.0,3,3,1620,"Henrico, VA",188.2716049382716
568,1495000.0,4,6,4758,"Huguenot, Richmond, VA",314.20765027322403
569,897500.0,4,5,3385,"Hayes, VA",265.1403249630724
570,270000.0,4,3,2283,"Western Branch South, Chesapeake, VA",118.26544021024966
571,299750.0,4,2,1750,"South Norfolk, Chesapeake, VA",171.28571428571428
572,260000.0,3,2,2444,"North Chesterfield, VA",106.38297872340425
573,380000.0,5,3,2750,"Midlothian, VA",138.1818181818182
574,489000.0,3,3,2351,"Glen Allen, VA",207.99659719268396
575,285000.0,3,3,1440,"Chesterfield, VA",197.91666666666666
576,250000.0,4,3,2350,"Western Branch South, Chesapeake, VA",106.38297872340425
577,379000.0,4,3,1940,"Charlottesville, VA",195.36082474226805
578,300000.0,3,2,1905,"Williamsburg, VA",157.48031496062993
579,315000.0,4,4,2695,"North Chesterfield, VA",116.88311688311688
580,234950.0,3,2,1053,"Gloucester, VA",223.12440645773978
581,234900.0,4,2,1568,"Suffolk, VA",149.80867346938774
582,399999.0,4,2,2100,"Montross, VA",190.47571428571428
583,739000.0,4,3,2768,"Henrico, VA",266.9797687861272
584,255000.0,5,3,1900,"Suffolk, VA",134.21052631578948
585,299000.0,3,2,1300,"Suffolk, VA",230.0
586,375000.0,3,2,1569,"Suffolk, VA",239.0057361376673
587,285000.0,3,3,1704,"Williamsburg, VA",167.25352112676057
588,189900.0,2,2,979,"British Camp Farms, Richmond, VA",193.97344228804903
589,300000.0,3,3,2144,"Greenbrier West, Chesapeake, VA",139.92537313432837
590,195000.0,3,2,1248,"Indian River, Chesapeake, VA",156.25
591,259900.0,3,3,1363,"Mayfield, Fredericksburg, VA",190.68231841526045
592,500000.0,4,3,2300,"Great Bridge, Chesapeake, VA",217.3913043478261
593,240000.0,4,2,2620,"Mercury Central, Hampton, VA",91.6030534351145
594,310000.0,4,3,2000,"Great Bridge East, Chesapeake, VA",155.0
595,350000.0,4,3,2238,"Fredericksburg, VA",156.38963360142984
596,295000.0,4,3,2016,"Henrico, VA",146.3293650793651
597,305000.0,3,3,1620,"Henrico, VA",188.2716049382716
598,1495000.0,4,6,4758,"Huguenot, Richmond, VA",314.20765027322403
599,897500.0,4,5,3385,"Hayes, VA",265.1403249630724
600,270000.0,4,3,2283,"Western Branch South, Chesapeake, VA",118.26544021024966
601,299750.0,4,2,1750,"South Norfolk, Chesapeake, VA",171.28571428571428
602,260000.0,3,2,2444,"North Chesterfield, VA",106.38297872340425
603,380000.0,5,3,2750,"Midlothian, VA",138.1818181818182
604,489000.0,3,3,2351,"Glen Allen, VA",207.99659719268396
605,285000.0,3,3,1440,"Chesterfield, VA",197.91666666666666
606,250000.0,4,3,2350,"Western Branch South, Chesapeake, VA",106.38297872340425
607,379000.0,4,3,1940,"Charlottesville, VA",195.36082474226805
608,300000.0,3,2,1905,"Williamsburg, VA",157.48031496062993
609,315000.0,4,4,2695,"North Chesterfield, VA",116.88311688311688
610,234950.0,3,2,1053,"Gloucester, VA",223.12440645773978
611,234900.0,4,2,1568,"Suffolk, VA",149.80867346938774
612,399999.0,4,2,2100,"Montross, VA",190.47571428571428
613,739000.0,4,3,2768,"Henrico, VA",266.9797687861272
614,255000.0,5,3,1900,"Suffolk, VA",134.21052631578948
615,299000.0,3,2,1300,"Suffolk, VA",230.0
616,375000.0,3,2,1569,"Suffolk, VA",239.0057361376673
617,285000.0,3,3,1704,"Williamsburg, VA",167.25352112676057
618,189900.0,2,2,979,"British Camp Farms, Richmond, VA",193.97344228804903
619,300000.0,3,3,2144,"Greenbrier West, Chesapeake, VA",139.92537313432837
620,195000.0,3,2,1248,"Indian River, Chesapeake, VA",156.25
621,259900.0,3,3,1363,"Mayfield, Fredericksburg, VA",190.68231841526045
622,500000.0,4,3,2300,"Great Bridge, Chesapeake, VA",217.3913043478261
623,240000.0,4,2,2620,"Mercury Central, Hampton, VA",91.6030534351145
624,310000.0,4,3,2000,"Great Bridge East, Chesapeake, VA",155.0
625,350000.0,4,3,2238,"Fredericksburg, VA",156.38963360142984
626,295000.0,4,3,2016,"Henrico, VA",146.3293650793651
627,305000.0,3,3,1620,"Henrico, VA",188.2716049382716
628,1495000.0,4,6,4758,"Huguenot, Richmond, VA",314.20765027322403
629,897500.0,4,5,3385,"Hayes, VA",265.1403249630724
630,270000.0,4,3,2283,"Western Branch South, Chesapeake, VA",118.26544021024966
631,299750.0,4,2,1750,"South Norfolk, Chesapeake, VA",171.28571428571428
632,260000.0,3,2,2444,"North Chesterfield, VA",106.38297872340425
633,380000.0,5,3,2750,"Midlothian, VA",138.1818181818182
634,489000.0,3,3,2351,"Glen Allen, VA",207.99659719268396
635,285000.0,3,3,1440,"Chesterfield, VA",197.91666666666666
636,250000.0,4,3,2350,"Western Branch South, Chesapeake, VA",106.38297872340425
637,379000.0,4,3,1940,"Charlottesville, VA",195.36082474226805
638,300000.0,3,2,1905,"Williamsburg, VA",157.48031496062993
639,315000.0,4,4,2695,"North Chesterfield, VA",116.88311688311688
640,234950.0,3,2,1053,"Gloucester, VA",223.12440645773978
641,234900.0,4,2,1568,"Suffolk, VA",149.80867346938774
642,399999.0,4,2,2100,"Montross, VA",190.47571428571428
643,739000.0,4,3,2768,"Henrico, VA",266.9797687861272
644,255000.0,5,3,1900,"Suffolk, VA",134.21052631578948
645,299000.0,3,2,1300,"Suffolk, VA",230.0
646,375000.0,3,2,1569,"Suffolk, VA",239.0057361376673
647,285000.0,3,3,1704,"Williamsburg, VA",167.25352112676057
648,189900.0,2,2,979,"British Camp Farms, Richmond, VA",193.97344228804903
649,300000.0,3,3,2144,"Greenbrier West, Chesapeake, VA",139.92537313432837
650,195000.0,3,2,1248,"Indian River, Chesapeake, VA",156.25
651,259900.0,3,3,1363,"Mayfield, Fredericksburg, VA",190.68231841526045
652,500000.0,4,3,2300,"Great Bridge, Chesapeake, VA",217.3913043478261
653,240000.0,4,2,2620,"Mercury Central, Hampton, VA",91.6030534351145
654,310000.0,4,3,2000,"Great Bridge East, Chesapeake, VA",155.0
655,350000.0,4,3,2238,"Fredericksburg, VA",156.38963360142984
656,295000.0,4,3,2016,"Henrico, VA",146.3293650793651
657,305000.0,3,3,1620,"Henrico, VA",188.2716049382716
658,1495000.0,4,6,4758,"Huguenot, Richmond, VA",314.20765027322403
659,897500.0,4,5,3385,"Hayes, VA",265.1403249630724
660,270000.0,4,3,2283,"Western Branch South, Chesapeake, VA",118.26544021024966
661,299750.0,4,2,1750,"South Norfolk, Chesapeake, VA",171.28571428571428
662,260000.0,3,2,2444,"North Chesterfield, VA",106.38297872340425
663,380000.0,5,3,2750,"Midlothian, VA",138.1818181818182
664,489000.0,3,3,2351,"Glen Allen, VA",207.99659719268396
665,285000.0,3,3,1440,"Chesterfield, VA",197.91666666666666
666,250000.0,4,3,2350,"Western Branch South, Chesapeake, VA",106.38297872340425
667,379000.0,4,3,1940,"Charlottesville, VA",195.36082474226805
668,300000.0,3,2,1905,"Williamsburg, VA",157.48031496062993
669,315000.0,4,4,2695,"North Chesterfield, VA",116.88311688311688
670,234950.0,3,2,1053,"Gloucester, VA",223.12440645773978
671,234900.0,4,2,1568,"Suffolk, VA",149.80867346938774
672,399999.0,4,2,2100,"Montross, VA",190.47571428571428
673,739000.0,4,3,2768,"Henrico, VA",266.9797687861272
674,255000.0,5,3,1900,"Suffolk, VA",134.21052631578948
675,299000.0,3,2,1300,"Suffolk, VA",230.0
676,375000.0,3,2,1569,"Suffolk, VA",239.0057361376673
677,285000.0,3,3,1704,"Williamsburg, VA",167.25352112676057
678,189900.0,2,2,979,"British Camp Farms, Richmond, VA",193.97344228804903
679,300000.0,3,3,2144,"Greenbrier West, Chesapeake, VA",139.92537313432837
680,195000.0,3,2,1248,"Indian River, Chesapeake, VA",156.25
681,259900.0,3,3,1363,"Mayfield, Fredericksburg, VA",190.68231841526045
682,500000.0,4,3,2300,"Great Bridge, Chesapeake, VA",217.3913043478261
683,240000.0,4,2,2620,"Mercury Central, Hampton, VA",91.6030534351145
684,310000.0,4,3,2000,"Great Bridge East, Chesapeake, VA",155.0
685,350000.0,4,3,2238,"Fredericksburg, VA",156.38963360142984
686,295000.0,4,3,2016,"Henrico, VA",146.3293650793651
687,305000.0,3,3,1620,"Henrico, VA",188.2716049382716
688,1495000.0,4,6,4758,"Huguenot, Richmond, VA",314.20765027322403
689,897500.0,4,5,3385,"Hayes, VA",265.1403249630724
690,270000.0,4,3,2283,"Western Branch South, Chesapeake, VA",118.26544021024966
691,299750.0,4,2,1750,"South Norfolk, Chesapeake, VA",171.28571428571428
692,260000.0,3,2,2444,"North Chesterfield, VA",106.38297872340425
693,380000.0,5,3,2750,"Midlothian, VA",138.1818181818182
694,489000.0,3,3,2351,"Glen Allen, VA",207.99659719268396
695,285000.0,3,3,1440,"Chesterfield, VA",197.91666666666666
696,250000.0,4,3,2350,"Western Branch South, Chesapeake, VA",106.38297872340425
697,379000.0,4,3,1940,"Charlottesville, VA",195.36082474226805
698,300000.0,3,2,1905,"Williamsburg, VA",157.48031496062993
699,315000.0,4,4,2695,"North Chesterfield, VA",116.88311688311688
700,234950.0,3,2,1053,"Gloucester, VA",223.12440645773978
701,234900.0,4,2,1568,"Suffolk, VA",149.80867346938774
702,399999.0,4,2,2100,"Montross, VA",190.47571428571428
703,739000.0,4,3,2768,"Henrico, VA",266.9797687861272
704,255000.0,5,3,1900,"Suffolk, VA",134.21052631578948
705,299000.0,3,2,1300,"Suffolk, VA",230.0
706,375000.0,3,2,1569,"Suffolk, VA",239.0057361376673
707,285000.0,3,3,1704,"Williamsburg, VA",167.25352112676057
708,189900.0,2,2,979,"British Camp Farms, Richmond, VA",193.97344228804903
709,300000.0,3,3,2144,"Greenbrier West, Chesapeake, VA",139.92537313432837
710,195000.0,3,2,1248,"Indian River, Chesapeake, VA",156.25
711,259900.0,3,3,1363,"Mayfield, Fredericksburg, VA",190.68231841526045
712,500000.0,4,3,2300,"Great Bridge, Chesapeake, VA",217.3913043478261
713,240000.0,4,2,2620,"Mercury Central, Hampton, VA",91.6030534351145
714,310000.0,4,3,2000,"Great Bridge East, Chesapeake, VA",155.0
715,350000.0,4,3,2238,"Fredericksburg, VA",156.38963360142984
716,295000.0,4,3,2016,"Henrico, VA",146.3293650793651
717,305000.0,3,3,1620,"Henrico, VA",188.2716049382716
718,1495000.0,4,6,4758,"Huguenot, Richmond, VA",314.20765027322403
719,897500.0,4,5,3385,"Hayes, VA",265.1403249630724
720,270000.0,4,3,2283,"Western Branch South, Chesapeake, VA",118.26544021024966
721,299750.0,4,2,1750,"South Norfolk, Chesapeake, VA",171.28571428571428
722,260000.0,3,2,2444,"North Chesterfield, VA",106.38297872340425
723,380000.0,5,3,2750,"Midlothian, VA",138.1818181818182
724,489000.0,3,3,2351,"Glen Allen, VA",207.99659719268396
725,285000.0,3,3,1440,"Chesterfield, VA",197.91666666666666
726,250000.0,4,3,2350,"Western Branch South, Chesapeake, VA",106.38297872340425
727,379000.0,4,3,1940,"Charlottesville, VA",195.36082474226805
728,300000.0,3,2,1905,"Williamsburg, VA",157.48031496062993
729,315000.0,4,4,2695,"North Chesterfield, VA",116.88311688311688
730,234950.0,3,2,1053,"Gloucester, VA",223.12440645773978
731,234900.0,4,2,1568,"Suffolk, VA",149.80867346938774
732,399999.0,4,2,2100,"Montross, VA",190.47571428571428
733,739000.0,4,3,2768,"Henrico, VA",266.9797687861272
734,255000.0,5,3,1900,"Suffolk, VA",134.21052631578948
735,299000.0,3,2,1300,"Suffolk, VA",230.0
736,375000.0,3,2,1569,"Suffolk, VA",239.0057361376673
737,285000.0,3,3,1704,"Williamsburg, VA",167.25352112676057
738,189900.0,2,2,979,"British Camp Farms, Richmond, VA",193.97344228804903
739,300000.0,3,3,2144,"Greenbrier West, Chesapeake, VA",139.92537313432837
740,195000.0,3,2,1248,"Indian River, Chesapeake, VA",156.25
741,259900.0,3,3,1363,"Mayfield, Fredericksburg, VA",190.68231841526045
742,500000.0,4,3,2300,"Great Bridge, Chesapeake, VA",217.3913043478261
743,240000.0,4,2,2620,"Mercury Central, Hampton, VA",91.6030534351145
744,310000.0,4,3,2000,"Great Bridge East, Chesapeake, VA",155.0
745,350000.0,4,3,2238,"Fredericksburg, VA",156.38963360142984
746,295000.0,4,3,2016,"Henrico, VA",146.3293650793651
747,305000.0,3,3,1620,"Henrico, VA",188.2716049382716
748,1495000.0,4,6,4758,"Huguenot, Richmond, VA",314.20765027322403
749,897500.0,4,5,3385,"Hayes, VA",265.1403249630724
750,270000.0,4,3,2283,"Western Branch South, Chesapeake, VA",118.26544021024966
751,299750.0,4,2,1750,"South Norfolk, Chesapeake, VA",171.28571428571428
752,260000.0,3,2,2444,"North Chesterfield, VA",106.38297872340425
753,380000.0,5,3,2750,"Midlothian, VA",138.1818181818182
754,489000.0,3,3,2351,"Glen Allen, VA",207.99659719268396
755,285000.0,3,3,1440,"Chesterfield, VA",197.91666666666666
756,250000.0,4,3,2350,"Western Branch South, Chesapeake, VA",106.38297872340425
757,379000.0,4,3,1940,"Charlottesville, VA",195.36082474226805
758,300000.0,3,2,1905,"Williamsburg, VA",157.48031496062993
759,315000.0,4,4,2695,"North Chesterfield, VA",116.88311688311688
760,234950.0,3,2,1053,"Gloucester, VA",223.12440645773978
761,234900.0,4,2,1568,"Suffolk, VA",149.80867346938774
762,399999.0,4,2,2100,"Montross, VA",190.47571428571428
763,739000.0,4,3,2768,"Henrico, VA",266.9797687861272
764,255000.0,5,3,1900,"Suffolk, VA",134.21052631578948
765,299000.0,3,2,1300,"Suffolk, VA",230.0
766,375000.0,3,2,1569,"Suffolk, VA",239.0057361376673
767,285000.0,3,3,1704,"Williamsburg, VA",167.25352112676057
768,189900.0,2,2,979,"British Camp Farms, Richmond, VA",193.97344228804903
769,300000.0,3,3,2144,"Greenbrier West, Chesapeake, VA",139.92537313432837
770,195000.0,3,2,1248,"Indian River, Chesapeake, VA",156.25
771,259900.0,3,3,1363,"Mayfield, Fredericksburg, VA",190.68231841526045
772,500000.0,4,3,2300,"Great Bridge, Chesapeake, VA",217.3913043478261
773,240000.0,4,2,2620,"Mercury Central, Hampton, VA",91.6030534351145
774,310000.0,4,3,2000,"Great Bridge East, Chesapeake, VA",155.0
775,350000.0,4,3,2238,"Fredericksburg, VA",156.38963360142984
776,295000.0,4,3,2016,"Henrico, VA",146.3293650793651
777,305000.0,3,3,1620,"Henrico, VA",188.2716049382716
778,1495000.0,4,6,4758,"Huguenot, Richmond, VA",314.20765027322403
779,897500.0,4,5,3385,"Hayes, VA",265.1403249630724
780,270000.0,4,3,2283,"Western Branch South, Chesapeake, VA",118.26544021024966
781,299750.0,4,2,1750,"South Norfolk, Chesapeake, VA",171.28571428571428
782,260000.0,3,2,2444,"North Chesterfield, VA",106.38297872340425
783,380000.0,5,3,2750,"Midlothian, VA",138.1818181818182
784,489000.0,3,3,2351,"Glen Allen, VA",207.99659719268396
785,285000.0,3,3,1440,"Chesterfield, VA",197.91666666666666
786,250000.0,4,3,2350,"Western Branch South, Chesapeake, VA",106.38297872340425
787,379000.0,4,3,1940,"Charlottesville, VA",195.36082474226805
788,300000.0,3,2,1905,"Williamsburg, VA",157.48031496062993
789,315000.0,4,4,2695,"North Chesterfield, VA",116.88311688311688
790,234950.0,3,2,1053,"Gloucester, VA",223.12440645773978
791,234900.0,4,2,1568,"Suffolk, VA",149.80867346938774
792,399999.0,4,2,2100,"Montross, VA",190.47571428571428
793,739000.0,4,3,2768,"Henrico, VA",266.9797687861272
794,255000.0,5,3,1900,"Suffolk, VA",134.21052631578948
795,299000.0,3,2,1300,"Suffolk, VA",230.0
796,375000.0,3,2,1569,"Suffolk, VA",239.0057361376673
797,285000.0,3,3,1704,"Williamsburg, VA",167.25352112676057
798,189900.0,2,2,979,"British Camp Farms, Richmond, VA",193.97344228804903
799,300000.0,3,3,2144,"Greenbrier West, Chesapeake, VA",139.92537313432837
800,195000.0,3,2,1248,"Indian River, Chesapeake, VA",156.25
801,259900.0,3,3,1363,"Mayfield, Fredericksburg, VA",190.68231841526045
802,500000.0,4,3,2300,"Great Bridge, Chesapeake, VA",217.3913043478261
803,240000.0,4,2,2620,"Mercury Central, Hampton, VA",91.6030534351145
804,310000.0,4,3,2000,"Great Bridge East, Chesapeake, VA",155.0
805,350000.0,4,3,2238,"Fredericksburg, VA",156.38963360142984
806,295000.0,4,3,2016,"Henrico, VA",146.3293650793651
807,305000.0,3,3,1620,"Henrico, VA",188.2716049382716
808,1495000.0,4,6,4758,"Huguenot, Richmond, VA",314.20765027322403
809,897500.0,4,5,3385,"Hayes, VA",265.1403249630724
810,270000.0,4,3,2283,"Western Branch South, Chesapeake, VA",118.26544021024966
811,299750.0,4,2,1750,"South Norfolk, Chesapeake, VA",171.28571428571428
812,260000.0,3,2,2444,"North Chesterfield, VA",106.38297872340425
813,380000.0,5,3,2750,"Midlothian, VA",138.1818181818182
814,489000.0,3,3,2351,"Glen Allen, VA",207.99659719268396
815,285000.0,3,3,1440,"Chesterfield, VA",197.91666666666666
816,250000.0,4,3,2350,"Western Branch South, Chesapeake, VA",106.38297872340425
817,379000.0,4,3,1940,"Charlottesville, VA",195.36082474226805
818,300000.0,3,2,1905,"Williamsburg, VA",157.48031496062993
819,315000.0,4,4,2695,"North Chesterfield, VA",116.88311688311688
820,234950.0,3,2,1053,"Gloucester, VA",223.12440645773978
821,234900.0,4,2,1568,"Suffolk, VA",149.80867346938774
822,399999.0,4,2,2100,"Montross, VA",190.47571428571428
823,739000.0,4,3,2768,"Henrico, VA",266.9797687861272
824,255000.0,5,3,1900,"Suffolk, VA",134.21052631578948
825,299000.0,3,2,1300,"Suffolk, VA",230.0
826,375000.0,3,2,1569,"Suffolk, VA",239.0057361376673
827,285000.0,3,3,1704,"Williamsburg, VA",167.25352112676057
828,189900.0,2,2,979,"British Camp Farms, Richmond, VA",193.97344228804903
829,300000.0,3,3,2144,"Greenbrier West, Chesapeake, VA",139.92537313432837
830,195000.0,3,2,1248,"Indian River, Chesapeake, VA",156.25
831,259900.0,3,3,1363,"Mayfield, Fredericksburg, VA",190.68231841526045
832,500000.0,4,3,2300,"Great Bridge, Chesapeake, VA",217.3913043478261
833,240000.0,4,2,2620,"Mercury Central, Hampton, VA",91.6030534351145
834,310000.0,4,3,2000,"Great Bridge East, Chesapeake, VA",155.0
835,350000.0,4,3,2238,"Fredericksburg, VA",156.38963360142984
836,295000.0,4,3,2016,"Henrico, VA",146.3293650793651
837,305000.0,3,3,1620,"Henrico, VA",188.2716049382716
838,1495000.0,4,6,4758,"Huguenot, Richmond, VA",314.20765027322403
839,897500.0,4,5,3385,"Hayes, VA",265.1403249630724
840,270000.0,4,3,2283,"Western Branch South, Chesapeake, VA",118.26544021024966
841,299750.0,4,2,1750,"South Norfolk, Chesapeake, VA",171.28571428571428
842,260000.0,3,2,2444,"North Chesterfield, VA",106.38297872340425
843,380000.0,5,3,2750,"Midlothian, VA",138.1818181818182
844,489000.0,3,3,2351,"Glen Allen, VA",207.99659719268396
845,285000.0,3,3,1440,"Chesterfield, VA",197.91666666666666
846,250000.0,4,3,2350,"Western Branch South, Chesapeake, VA",106.38297872340425
847,379000.0,4,3,1940,"Charlottesville, VA",195.36082474226805
848,300000.0,3,2,1905,"Williamsburg, VA",157.48031496062993
849,315000.0,4,4,2695,"North Chesterfield, VA",116.88311688311688
850,234950.0,3,2,1053,"Gloucester, VA",223.12440645773978
851,234900.0,4,2,1568,"Suffolk, VA",149.80867346938774
852,399999.0,4,2,2100,"Montross, VA",190.47571428571428
853,739000.0,4,3,2768,"Henrico, VA",266.9797687861272
854,255000.0,5,3,1900,"Suffolk, VA",134.21052631578948
855,299000.0,3,2,1300,"Suffolk, VA",230.0
856,375000.0,3,2,1569,"Suffolk, VA",239.0057361376673
857,285000.0,3,3,1704,"Williamsburg, VA",167.25352112676057
858,189900.0,2,2,979,"British Camp Farms, Richmond, VA",193.97344228804903
859,300000.0,3,3,2144,"Greenbrier West, Chesapeake, VA",139.92537313432837
860,195000.0,3,2,1248,"Indian River, Chesapeake, VA",156.25
861,259900.0,3,3,1363,"Mayfield, Fredericksburg, VA",190.68231841526045
862,500000.0,4,3,2300,"Great Bridge, Chesapeake, VA",217.3913043478261
863,240000.0,4,2,2620,"Mercury Central, Hampton, VA",91.6030534351145
864,310000.0,4,3,2000,"Great Bridge East, Chesapeake, VA",155.0
865,350000.0,4,3,2238,"Fredericksburg, VA",156.38963360142984
866,295000.0,4,3,2016,"Henrico, VA",146.3293650793651
867,305000.0,3,3,1620,"Henrico, VA",188.2716049382716
868,1495000.0,4,6,4758,"Huguenot, Richmond, VA",314.20765027322403
869,897500.0,4,5,3385,"Hayes, VA",265.1403249630724
870,270000.0,4,3,2283,"Western Branch South, Chesapeake, VA",118.26544021024966
871,299750.0,4,2,1750,"South Norfolk, Chesapeake, VA",171.28571428571428
872,260000.0,3,2,2444,"North Chesterfield, VA",106.38297872340425
873,380000.0,5,3,2750,"Midlothian, VA",138.1818181818182
874,489000.0,3,3,2351,"Glen Allen, VA",207.99659719268396
875,285000.0,3,3,1440,"Chesterfield, VA",197.91666666666666
876,250000.0,4,3,2350,"Western Branch South, Chesapeake, VA",106.38297872340425
877,379000.0,4,3,1940,"Charlottesville, VA",195.36082474226805
878,300000.0,3,2,1905,"Williamsburg, VA",157.48031496062993
879,315000.0,4,4,2695,"North Chesterfield, VA",116.88311688311688
880,234950.0,3,2,1053,"Gloucester, VA",223.12440645773978
881,234900.0,4,2,1568,"Suffolk, VA",149.80867346938774
882,399999.0,4,2,2100,"Montross, VA",190.47571428571428
883,739000.0,4,3,2768,"Henrico, VA",266.9797687861272
884,255000.0,5,3,1900,"Suffolk, VA",134.21052631578948
885,299000.0,3,2,1300,"Suffolk, VA",230.0
886,375000.0,3,2,1569,"Suffolk, VA",239.0057361376673
887,285000.0,3,3,1704,"Williamsburg, VA",167.25352112676057
888,189900.0,2,2,979,"British Camp Farms, Richmond, VA",193.97344228804903
889,300000.0,3,3,2144,"Greenbrier West, Chesapeake, VA",139.92537313432837
890,195000.0,3,2,1248,"Indian River, Chesapeake, VA",156.25
891,259900.0,3,3,1363,"Mayfield, Fredericksburg, VA",190.68231841526045
892,500000.0,4,3,2300,"Great Bridge, Chesapeake, VA",217.3913043478261
893,240000.0,4,2,2620,"Mercury Central, Hampton, VA",91.6030534351145
894,310000.0,4,3,2000,"Great Bridge East, Chesapeake, VA",155.0
895,350000.0,4,3,2238,"Fredericksburg, VA",156.38963360142984
896,295000.0,4,3,2016,"Henrico, VA",146.3293650793651
897,305000.0,3,3,1620,"Henrico, VA",188.2716049382716
898,1495000.0,4,6,4758,"Huguenot, Richmond, VA",314.20765027322403
899,897500.0,4,5,3385,"Hayes, VA",265.1403249630724
900,270000.0,4,3,2283,"Western Branch South, Chesapeake, VA",118.26544021024966
901,299750.0,4,2,1750,"South Norfolk, Chesapeake, VA",171.28571428571428
902,260000.0,3,2,2444,"North Chesterfield, VA",106.38297872340425
903,380000.0,5,3,2750,"Midlothian, VA",138.1818181818182
904,489000.0,3,3,2351,"Glen Allen, VA",207.99659719268396
905,285000.0,3,3,1440,"Chesterfield, VA",197.91666666666666
906,250000.0,4,3,2350,"Western Branch South, Chesapeake, VA",106.38297872340425
907,379000.0,4,3,1940,"Charlottesville, VA",195.36082474226805
908,300000.0,3,2,1905,"Williamsburg, VA",157.48031496062993
909,315000.0,4,4,2695,"North Chesterfield, VA",116.88311688311688
910,234950.0,3,2,1053,"Gloucester, VA",223.12440645773978
911,234900.0,4,2,1568,"Suffolk, VA",149.80867346938774
912,399999.0,4,2,2100,"Montross, VA",190.47571428571428
913,739000.0,4,3,2768,"Henrico, VA",266.9797687861272
914,255000.0,5,3,1900,"Suffolk, VA",134.21052631578948
915,299000.0,3,2,1300,"Suffolk, VA",230.0
916,375000.0,3,2,1569,"Suffolk, VA",239.0057361376673
917,285000.0,3,3,1704,"Williamsburg, VA",167.25352112676057
918,189900.0,2,2,979,"British Camp Farms, Richmond, VA",193.97344228804903
919,300000.0,3,3,2144,"Greenbrier West, Chesapeake, VA",139.92537313432837
920,195000.0,3,2,1248,"Indian River, Chesapeake, VA",156.25
921,259900.0,3,3,1363,"Mayfield, Fredericksburg, VA",190.68231841526045
922,500000.0,4,3,2300,"Great Bridge, Chesapeake, VA",217.3913043478261
923,240000.0,4,2,2620,"Mercury Central, Hampton, VA",91.6030534351145
924,310000.0,4,3,2000,"Great Bridge East, Chesapeake, VA",155.0
925,350000.0,4,3,2238,"Fredericksburg, VA",156.38963360142984
926,295000.0,4,3,2016,"Henrico, VA",146.3293650793651
927,305000.0,3,3,1620,"Henrico, VA",188.2716049382716
928,1495000.0,4,6,4758,"Huguenot, Richmond, VA",314.20765027322403
929,897500.0,4,5,3385,"Hayes, VA",265.1403249630724
930,270000.0,4,3,2283,"Western Branch South, Chesapeake, VA",118.26544021024966
931,299750.0,4,2,1750,"South Norfolk, Chesapeake, VA",171.28571428571428
932,260000.0,3,2,2444,"North Chesterfield, VA",106.38297872340425
933,380000.0,5,3,2750,"Midlothian, VA",138.1818181818182
934,489000.0,3,3,2351,"Glen Allen, VA",207.99659719268396
935,285000.0,3,3,1440,"Chesterfield, VA",197.91666666666666
936,250000.0,4,3,2350,"Western Branch South, Chesapeake, VA",106.38297872340425
937,379000.0,4,3,1940,"Charlottesville, VA",195.36082474226805
938,300000.0,3,2,1905,"Williamsburg, VA",157.48031496062993
939,315000.0,4,4,2695,"North Chesterfield, VA",116.88311688311688
940,234950.0,3,2,1053,"Gloucester, VA",223.12440645773978
941,234900.0,4,2,1568,"Suffolk, VA",149.80867346938774
942,399999.0,4,2,2100,"Montross, VA",190.47571428571428
943,739000.0,4,3,2768,"Henrico, VA",266.9797687861272
944,255000.0,5,3,1900,"Suffolk, VA",134.21052631578948
945,299000.0,3,2,1300,"Suffolk, VA",230.0
946,375000.0,3,2,1569,"Suffolk, VA",239.0057361376673
947,285000.0,3,3,1704,"Williamsburg, VA",167.25352112676057
948,189900.0,2,2,979,"British Camp Farms, Richmond, VA",193.97344228804903
949,300000.0,3,3,2144,"Greenbrier West, Chesapeake, VA",139.92537313432837
950,195000.0,3,2,1248,"Indian River, Chesapeake, VA",156.25
951,259900.0,3,3,1363,"Mayfield, Fredericksburg, VA",190.68231841526045
952,500000.0,4,3,2300,"Great Bridge, Chesapeake, VA",217.3913043478261
953,240000.0,4,2,2620,"Mercury Central, Hampton, VA",91.6030534351145
954,310000.0,4,3,2000,"Great Bridge East, Chesapeake, VA",155.0
955,350000.0,4,3,2238,"Fredericksburg, VA",156.38963360142984
956,295000.0,4,3,2016,"Henrico, VA",146.3293650793651
957,305000.0,3,3,1620,"Henrico, VA",188.2716049382716
958,1495000.0,4,6,4758,"Huguenot, Richmond, VA",314.20765027322403
959,897500.0,4,5,3385,"Hayes, VA",265.1403249630724
960,270000.0,4,3,2283,"Western Branch South, Chesapeake, VA",118.26544021024966
961,299750.0,4,2,1750,"South Norfolk, Chesapeake, VA",171.28571428571428
962,260000.0,3,2,2444,"North Chesterfield, VA",106.38297872340425
963,380000.0,5,3,2750,"Midlothian, VA",138.1818181818182
964,489000.0,3,3,2351,"Glen Allen, VA",207.99659719268396
965,285000.0,3,3,1440,"Chesterfield, VA",197.91666666666666
966,250000.0,4,3,2350,"Western Branch South, Chesapeake, VA",106.38297872340425
967,379000.0,4,3,1940,"Charlottesville, VA",195.36082474226805
968,300000.0,3,2,1905,"Williamsburg, VA",157.48031496062993
969,315000.0,4,4,2695,"North Chesterfield, VA",116.88311688311688
970,234950.0,3,2,1053,"Gloucester, VA",223.12440645773978
971,234900.0,4,2,1568,"Suffolk, VA",149.80867346938774
972,399999.0,4,2,2100,"Montross, VA",190.47571428571428
973,739000.0,4,3,2768,"Henrico, VA",266.9797687861272
974,255000.0,5,3,1900,"Suffolk, VA",134.21052631578948
975,299000.0,3,2,1300,"Suffolk, VA",230.0
976,375000.0,3,2,1569,"Suffolk, VA",239.0057361376673
977,285000.0,3,3,1704,"Williamsburg, VA",167.25352112676057
978,189900.0,2,2,979,"British Camp Farms, Richmond, VA",193.97344228804903
979,300000.0,3,3,2144,"Greenbrier West, Chesapeake, VA",139.92537313432837
980,195000.0,3,2,1248,"Indian River, Chesapeake, VA",156.25
981,259900.0,3,3,1363,"Mayfield, Fredericksburg, VA",190.68231841526045
982,500000.0,4,3,2300,"Great Bridge, Chesapeake, VA",217.3913043478261
983,240000.0,4,2,2620,"Mercury Central, Hampton, VA",91.6030534351145
984,310000.0,4,3,2000,"Great Bridge East, Chesapeake, VA",155.0
985,350000.0,4,3,2238,"Fredericksburg, VA",156.38963360142984
986,295000.0,4,3,2016,"Henrico, VA",146.3293650793651
987,305000.0,3,3,1620,"Henrico, VA",188.2716049382716
988,1495000.0,4,6,4758,"Huguenot, Richmond, VA",314.20765027322403
989,897500.0,4,5,3385,"Hayes, VA",265.1403249630724
990,270000.0,4,3,2283,"Western Branch South, Chesapeake, VA",118.26544021024966
991,299750.0,4,2,1750,"South Norfolk, Chesapeake, VA",171.28571428571428
992,260000.0,3,2,2444,"North Chesterfield, VA",106.38297872340425
993,380000.0,5,3,2750,"Midlothian, VA",138.1818181818182
994,489000.0,3,3,2351,"Glen Allen, VA",207.99659719268396
995,285000.0,3,3,1440,"Chesterfield, VA",197.91666666666666
996,250000.0,4,3,2350,"Western Branch South, Chesapeake, VA",106.38297872340425
997,379000.0,4,3,1940,"Charlottesville, VA",195.36082474226805
998,300000.0,3,2,1905,"Williamsburg, VA",157.48031496062993
999,315000.0,4,4,2695,"North Chesterfield, VA",116.88311688311688
1000,234950.0,3,2,1053,"Gloucester, VA",223.12440645773978
1001,234900.0,4,2,1568,"Suffolk, VA",149.80867346938774
1002,399999.0,4,2,2100,"Montross, VA",190.47571428571428
1003,739000.0,4,3,2768,"Henrico, VA",266.9797687861272
1004,255000.0,5,3,1900,"Suffolk, VA",134.21052631578948
1005,299000.0,3,2,1300,"Suffolk, VA",230.0
1006,375000.0,3,2,1569,"Suffolk, VA",239.0057361376673
1007,285000.0,3,3,1704,"Williamsburg, VA",167.25352112676057
1008,189900.0,2,2,979,"British Camp Farms, Richmond, VA",193.97344228804903
1009,300000.0,3,3,2144,"Greenbrier West, Chesapeake, VA",139.92537313432837
1010,195000.0,3,2,1248,"Indian River, Chesapeake, VA",156.25
1011,259900.0,3,3,1363,"Mayfield, Fredericksburg, VA",190.68231841526045
1012,500000.0,4,3,2300,"Great Bridge, Chesapeake, VA",217.3913043478261
1013,240000.0,4,2,2620,"Mercury Central, Hampton, VA",91.6030534351145
1014,310000.0,4,3,2000,"Great Bridge East, Chesapeake, VA",155.0
1015,350000.0,4,3,2238,"Fredericksburg, VA",156.38963360142984
1016,295000.0,4,3,2016,"Henrico, VA",146.3293650793651
1017,305000.0,3,3,1620,"Henrico, VA",188.2716049382716
1018,1495000.0,4,6,4758,"Huguenot, Richmond, VA",314.20765027322403
1019,897500.0,4,5,3385,"Hayes, VA",265.1403249630724
1020,270000.0,4,3,2283,"Western Branch South, Chesapeake, VA",118.26544021024966
1021,299750.0,4,2,1750,"South Norfolk, Chesapeake, VA",171.28571428571428
1022,260000.0,3,2,2444,"North Chesterfield, VA",106.38297872340425
1023,380000.0,5,3,2750,"Midlothian, VA",138.1818181818182
1024,489000.0,3,3,2351,"Glen Allen, VA",207.99659719268396
1025,285000.0,3,3,1440,"Chesterfield, VA",197.91666666666666
1026,250000.0,4,3,2350,"Western Branch South, Chesapeake, VA",106.38297872340425
1027,379000.0,4,3,1940,"Charlottesville, VA",195.36082474226805
1028,300000.0,3,2,1905,"Williamsburg, VA",157.48031496062993
1029,315000.0,4,4,2695,"North Chesterfield, VA",116.88311688311688
1030,234950.0,3,2,1053,"Gloucester, VA",223.12440645773978
1031,234900.0,4,2,1568,"Suffolk, VA",149.80867346938774
1032,399999.0,4,2,2100,"Montross, VA",190.47571428571428
1033,739000.0,4,3,2768,"Henrico, VA",266.9797687861272
1034,255000.0,5,3,1900,"Suffolk, VA",134.21052631578948
1035,299000.0,3,2,1300,"Suffolk, VA",230.0
1036,375000.0,3,2,1569,"Suffolk, VA",239.0057361376673
1037,285000.0,3,3,1704,"Williamsburg, VA",167.25352112676057
1038,189900.0,2,2,979,"British Camp Farms, Richmond, VA",193.97344228804903
1039,300000.0,3,3,2144,"Greenbrier West, Chesapeake, VA",139.92537313432837
1040,195000.0,3,2,1248,"Indian River, Chesapeake, VA",156.25
1041,259900.0,3,3,1363,"Mayfield, Fredericksburg, VA",190.68231841526045
1042,500000.0,4,3,2300,"Great Bridge, Chesapeake, VA",217.3913043478261
1043,240000.0,4,2,2620,"Mercury Central, Hampton, VA",91.6030534351145
1044,310000.0,4,3,2000,"Great Bridge East, Chesapeake, VA",155.0
1045,350000.0,4,3,2238,"Fredericksburg, VA",156.38963360142984
1046,295000.0,4,3,2016,"Henrico, VA",146.3293650793651
1047,305000.0,3,3,1620,"Henrico, VA",188.2716049382716
1048,1495000.0,4,6,4758,"Huguenot, Richmond, VA",314.20765027322403
1049,897500.0,4,5,3385,"Hayes, VA",265.1403249630724
1050,270000.0,4,3,2283,"Western Branch South, Chesapeake, VA",118.26544021024966
1051,299750.0,4,2,1750,"South Norfolk, Chesapeake, VA",171.28571428571428
1052,260000.0,3,2,2444,"North Chesterfield, VA",106.38297872340425
1053,380000.0,5,3,2750,"Midlothian, VA",138.1818181818182
1054,489000.0,3,3,2351,"Glen Allen, VA",207.99659719268396
1055,285000.0,3,3,1440,"Chesterfield, VA",197.91666666666666
1056,250000.0,4,3,2350,"Western Branch South, Chesapeake, VA",106.38297872340425
1057,379000.0,4,3,1940,"Charlottesville, VA",195.36082474226805
1058,300000.0,3,2,1905,"Williamsburg, VA",157.48031496062993
1059,315000.0,4,4,2695,"North Chesterfield, VA",116.88311688311688
1060,234950.0,3,2,1053,"Gloucester, VA",223.12440645773978
1061,234900.0,4,2,1568,"Suffolk, VA",149.80867346938774
1062,399999.0,4,2,2100,"Montross, VA",190.47571428571428
1063,739000.0,4,3,2768,"Henrico, VA",266.9797687861272
1064,255000.0,5,3,1900,"Suffolk, VA",134.21052631578948
1065,299000.0,3,2,1300,"Suffolk, VA",230.0
1066,375000.0,3,2,1569,"Suffolk, VA",239.0057361376673
1067,285000.0,3,3,1704,"Williamsburg, VA",167.25352112676057
1068,189900.0,2,2,979,"British Camp Farms, Richmond, VA",193.97344228804903
1069,300000.0,3,3,2144,"Greenbrier West, Chesapeake, VA",139.92537313432837
1070,195000.0,3,2,1248,"Indian River, Chesapeake, VA",156.25
1071,259900.0,3,3,1363,"Mayfield, Fredericksburg, VA",190.68231841526045
1072,500000.0,4,3,2300,"Great Bridge, Chesapeake, VA",217.3913043478261
1073,240000.0,4,2,2620,"Mercury Central, Hampton, VA",91.6030534351145
1074,310000.0,4,3,2000,"Great Bridge East, Chesapeake, VA",155.0
1075,350000.0,4,3,2238,"Fredericksburg, VA",156.38963360142984
1076,295000.0,4,3,2016,"Henrico, VA",146.3293650793651
1077,305000.0,3,3,1620,"Henrico, VA",188.2716049382716
1078,1495000.0,4,6,4758,"Huguenot, Richmond, VA",314.20765027322403
1079,897500.0,4,5,3385,"Hayes, VA",265.1403249630724
1080,270000.0,4,3,2283,"Western Branch South, Chesapeake, VA",118.26544021024966
1081,299750.0,4,2,1750,"South Norfolk, Chesapeake, VA",171.28571428571428
1082,260000.0,3,2,2444,"North Chesterfield, VA",106.38297872340425
1083,380000.0,5,3,2750,"Midlothian, VA",138.1818181818182
1084,489000.0,3,3,2351,"Glen Allen, VA",207.99659719268396
1085,285000.0,3,3,1440,"Chesterfield, VA",197.91666666666666
1086,250000.0,4,3,2350,"Western Branch South, Chesapeake, VA",106.38297872340425
1087,379000.0,4,3,1940,"Charlottesville, VA",195.36082474226805
1088,300000.0,3,2,1905,"Williamsburg, VA",157.48031496062993
1089,315000.0,4,4,2695,"North Chesterfield, VA",116.88311688311688
1090,234950.0,3,2,1053,"Gloucester, VA",223.12440645773978
1091,234900.0,4,2,1568,"Suffolk, VA",149.80867346938774
1092,399999.0,4,2,2100,"Montross, VA",190.47571428571428
1093,739000.0,4,3,2768,"Henrico, VA",266.9797687861272
1094,255000.0,5,3,1900,"Suffolk, VA",134.21052631578948
1095,299000.0,3,2,1300,"Suffolk, VA",230.0
1096,375000.0,3,2,1569,"Suffolk, VA",239.0057361376673
1097,285000.0,3,3,1704,"Williamsburg, VA",167.25352112676057
1098,189900.0,2,2,979,"British Camp Farms, Richmond, VA",193.97344228804903
1099,300000.0,3,3,2144,"Greenbrier West, Chesapeake, VA",139.92537313432837
1100,195000.0,3,2,1248,"Indian River, Chesapeake, VA",156.25
1101,259900.0,3,3,1363,"Mayfield, Fredericksburg, VA",190.68231841526045
1102,500000.0,4,3,2300,"Great Bridge, Chesapeake, VA",217.3913043478261
1103,240000.0,4,2,2620,"Mercury Central, Hampton, VA",91.6030534351145
1104,310000.0,4,3,2000,"Great Bridge East, Chesapeake, VA",155.0
1105,350000.0,4,3,2238,"Fredericksburg, VA",156.38963360142984
1106,295000.0,4,3,2016,"Henrico, VA",146.3293650793651
1107,305000.0,3,3,1620,"Henrico, VA",188.2716049382716
1108,1495000.0,4,6,4758,"Huguenot, Richmond, VA",314.20765027322403
1109,897500.0,4,5,3385,"Hayes, VA",265.1403249630724
1110,270000.0,4,3,2283,"Western Branch South, Chesapeake, VA",118.26544021024966
1111,299750.0,4,2,1750,"South Norfolk, Chesapeake, VA",171.28571428571428
1112,260000.0,3,2,2444,"North Chesterfield, VA",106.38297872340425
1113,380000.0,5,3,2750,"Midlothian, VA",138.1818181818182
1114,489000.0,3,3,2351,"Glen Allen, VA",207.99659719268396
1115,285000.0,3,3,1440,"Chesterfield, VA",197.91666666666666
1116,250000.0,4,3,2350,"Western Branch South, Chesapeake, VA",106.38297872340425
1117,379000.0,4,3,1940,"Charlottesville, VA",195.36082474226805
1118,300000.0,3,2,1905,"Williamsburg, VA",157.48031496062993
1119,315000.0,4,4,2695,"North Chesterfield, VA",116.88311688311688
1120,234950.0,3,2,1053,"Gloucester, VA",223.12440645773978
1121,234900.0,4,2,1568,"Suffolk, VA",149.80867346938774
1122,399999.0,4,2,2100,"Montross, VA",190.47571428571428
1123,739000.0,4,3,2768,"Henrico, VA",266.9797687861272
1124,255000.0,5,3,1900,"Suffolk, VA",134.21052631578948
1125,299000.0,3,2,1300,"Suffolk, VA",230.0
1126,375000.0,3,2,1569,"Suffolk, VA",239.0057361376673
1127,285000.0,3,3,1704,"Williamsburg, VA",167.25352112676057
1128,189900.0,2,2,979,"British Camp Farms, Richmond, VA",193.97344228804903
1129,300000.0,3,3,2144,"Greenbrier West, Chesapeake, VA",139.92537313432837
1130,195000.0,3,2,1248,"Indian River, Chesapeake, VA",156.25
1131,259900.0,3,3,1363,"Mayfield, Fredericksburg, VA",190.68231841526045
1132,500000.0,4,3,2300,"Great Bridge, Chesapeake, VA",217.3913043478261
1133,240000.0,4,2,2620,"Mercury Central, Hampton, VA",91.6030534351145
1134,310000.0,4,3,2000,"Great Bridge East, Chesapeake, VA",155.0
1135,350000.0,4,3,2238,"Fredericksburg, VA",156.38963360142984
1136,295000.0,4,3,2016,"Henrico, VA",146.3293650793651
1137,305000.0,3,3,1620,"Henrico, VA",188.2716049382716
1138,1495000.0,4,6,4758,"Huguenot, Richmond, VA",314.20765027322403
1139,897500.0,4,5,3385,"Hayes, VA",265.1403249630724
1140,270000.0,4,3,2283,"Western Branch South, Chesapeake, VA",118.26544021024966
1141,299750.0,4,2,1750,"South Norfolk, Chesapeake, VA",171.28571428571428
1142,260000.0,3,2,2444,"North Chesterfield, VA",106.38297872340425
1143,380000.0,5,3,2750,"Midlothian, VA",138.1818181818182
1144,489000.0,3,3,2351,"Glen Allen, VA",207.99659719268396
1145,285000.0,3,3,1440,"Chesterfield, VA",197.91666666666666
1146,250000.0,4,3,2350,"Western Branch South, Chesapeake, VA",106.38297872340425
1147,379000.0,4,3,1940,"Charlottesville, VA",195.36082474226805
1148,300000.0,3,2,1905,"Williamsburg, VA",157.48031496062993
1149,315000.0,4,4,2695,"North Chesterfield, VA",116.88311688311688
1150,234950.0,3,2,1053,"Gloucester, VA",223.12440645773978
1151,234900.0,4,2,1568,"Suffolk, VA",149.80867346938774
1152,399999.0,4,2,2100,"Montross, VA",190.47571428571428
1153,739000.0,4,3,2768,"Henrico, VA",266.9797687861272
1154,255000.0,5,3,1900,"Suffolk, VA",134.21052631578948
1155,299000.0,3,2,1300,"Suffolk, VA",230.0
1156,375000.0,3,2,1569,"Suffolk, VA",239.0057361376673
1157,285000.0,3,3,1704,"Williamsburg, VA",167.25352112676057
1158,189900.0,2,2,979,"British Camp Farms, Richmond, VA",193.97344228804903
1159,300000.0,3,3,2144,"Greenbrier West, Chesapeake, VA",139.92537313432837
1160,195000.0,3,2,1248,"Indian River, Chesapeake, VA",156.25
1161,259900.0,3,3,1363,"Mayfield, Fredericksburg, VA",190.68231841526045
1162,500000.0,4,3,2300,"Great Bridge, Chesapeake, VA",217.3913043478261
1163,240000.0,4,2,2620,"Mercury Central, Hampton, VA",91.6030534351145
1164,310000.0,4,3,2000,"Great Bridge East, Chesapeake, VA",155.0
1165,350000.0,4,3,2238,"Fredericksburg, VA",156.38963360142984
1166,295000.0,4,3,2016,"Henrico, VA",146.3293650793651
1167,305000.0,3,3,1620,"Henrico, VA",188.2716049382716
1168,1495000.0,4,6,4758,"Huguenot, Richmond, VA",314.20765027322403
1169,897500.0,4,5,3385,"Hayes, VA",265.1403249630724
1170,270000.0,4,3,2283,"Western Branch South, Chesapeake, VA",118.26544021024966
1171,299750.0,4,2,1750,"South Norfolk, Chesapeake, VA",171.28571428571428
1172,260000.0,3,2,2444,"North Chesterfield, VA",106.38297872340425
1173,380000.0,5,3,2750,"Midlothian, VA",138.1818181818182
1174,489000.0,3,3,2351,"Glen Allen, VA",207.99659719268396
1175,285000.0,3,3,1440,"Chesterfield, VA",197.91666666666666
1176,250000.0,4,3,2350,"Western Branch South, Chesapeake, VA",106.38297872340425
1177,379000.0,4,3,1940,"Charlottesville, VA",195.36082474226805
1178,300000.0,3,2,1905,"Williamsburg, VA",157.48031496062993
1179,315000.0,4,4,2695,"North Chesterfield, VA",116.88311688311688
1180,234950.0,3,2,1053,"Gloucester, VA",223.12440645773978
1181,234900.0,4,2,1568,"Suffolk, VA",149.80867346938774
1182,399999.0,4,2,2100,"Montross, VA",190.47571428571428
1183,739000.0,4,3,2768,"Henrico, VA",266.9797687861272
1184,255000.0,5,3,1900,"Suffolk, VA",134.21052631578948
1185,299000.0,3,2,1300,"Suffolk, VA",230.0
1186,375000.0,3,2,1569,"Suffolk, VA",239.0057361376673
1187,285000.0,3,3,1704,"Williamsburg, VA",167.25352112676057
1188,189900.0,2,2,979,"British Camp Farms, Richmond, VA",193.97344228804903
1189,300000.0,3,3,2144,"Greenbrier West, Chesapeake, VA",139.92537313432837
1190,195000.0,3,2,1248,"Indian River, Chesapeake, VA",156.25
1191,259900.0,3,3,1363,"Mayfield, Fredericksburg, VA",190.68231841526045
1192,500000.0,4,3,2300,"Great Bridge, Chesapeake, VA",217.3913043478261
1193,240000.0,4,2,2620,"Mercury Central, Hampton, VA",91.6030534351145
1194,310000.0,4,3,2000,"Great Bridge East, Chesapeake, VA",155.0
1195,350000.0,4,3,2238,"Fredericksburg, VA",156.38963360142984
1196,295000.0,4,3,2016,"Henrico, VA",146.3293650793651
1197,305000.0,3,3,1620,"Henrico, VA",188.2716049382716
1198,1495000.0,4,6,4758,"Huguenot, Richmond, VA",314.20765027322403
1199,897500.0,4,5,3385,"Hayes, VA",265.1403249630724
1200,270000.0,4,3,2283,"Western Branch South, Chesapeake, VA",118.26544021024966
1201,299750.0,4,2,1750,"South Norfolk, Chesapeake, VA",171.28571428571428
1202,260000.0,3,2,2444,"North Chesterfield, VA",106.38297872340425
1203,380000.0,5,3,2750,"Midlothian, VA",138.1818181818182
1204,489000.0,3,3,2351,"Glen Allen, VA",207.99659719268396
1205,285000.0,3,3,1440,"Chesterfield, VA",197.91666666666666
1206,250000.0,4,3,2350,"Western Branch South, Chesapeake, VA",106.38297872340425
1207,379000.0,4,3,1940,"Charlottesville, VA",195.36082474226805
1208,300000.0,3,2,1905,"Williamsburg, VA",157.48031496062993
1209,315000.0,4,4,2695,"North Chesterfield, VA",116.88311688311688
1210,234950.0,3,2,1053,"Gloucester, VA",223.12440645773978
1211,234900.0,4,2,1568,"Suffolk, VA",149.80867346938774
1212,399999.0,4,2,2100,"Montross, VA",190.47571428571428
1213,739000.0,4,3,2768,"Henrico, VA",266.9797687861272
1214,255000.0,5,3,1900,"Suffolk, VA",134.21052631578948
1215,299000.0,3,2,1300,"Suffolk, VA",230.0
1216,375000.0,3,2,1569,"Suffolk, VA",239.0057361376673
1217,285000.0,3,3,1704,"Williamsburg, VA",167.25352112676057
1218,189900.0,2,2,979,"British Camp Farms, Richmond, VA",193.97344228804903
1219,300000.0,3,3,2144,"Greenbrier West, Chesapeake, VA",139.92537313432837
1220,195000.0,3,2,1248,"Indian River, Chesapeake, VA",156.25
1221,259900.0,3,3,1363,"Mayfield, Fredericksburg, VA",190.68231841526045
1222,500000.0,4,3,2300,"Great Bridge, Chesapeake, VA",217.3913043478261
1223,240000.0,4,2,2620,"Mercury Central, Hampton, VA",91.6030534351145
1224,310000.0,4,3,2000,"Great Bridge East, Chesapeake, VA",155.0
1225,350000.0,4,3,2238,"Fredericksburg, VA",156.38963360142984
1226,295000.0,4,3,2016,"Henrico, VA",146.3293650793651
1227,305000.0,3,3,1620,"Henrico, VA",188.2716049382716
1228,1495000.0,4,6,4758,"Huguenot, Richmond, VA",314.20765027322403
1229,897500.0,4,5,3385,"Hayes, VA",265.1403249630724
1230,270000.0,4,3,2283,"Western Branch South, Chesapeake, VA",118.26544021024966
1231,299750.0,4,2,1750,"South Norfolk, Chesapeake, VA",171.28571428571428
1232,260000.0,3,2,2444,"North Chesterfield, VA",106.38297872340425
1233,380000.0,5,3,2750,"Midlothian, VA",138.1818181818182
1234,489000.0,3,3,2351,"Glen Allen, VA",207.99659719268396
1235,285000.0,3,3,1440,"Chesterfield, VA",197.91666666666666
1236,250000.0,4,3,2350,"Western Branch South, Chesapeake, VA",106.38297872340425
1237,379000.0,4,3,1940,"Charlottesville, VA",195.36082474226805
1238,300000.0,3,2,1905,"Williamsburg, VA",157.48031496062993
1239,315000.0,4,4,2695,"North Chesterfield, VA",116.88311688311688
1240,234950.0,3,2,1053,"Gloucester, VA",223.12440645773978
1241,234900.0,4,2,1568,"Suffolk, VA",149.80867346938774
1242,399999.0,4,2,2100,"Montross, VA",190.47571428571428
1243,739000.0,4,3,2768,"Henrico, VA",266.9797687861272
1244,255000.0,5,3,1900,"Suffolk, VA",134.21052631578948
1245,299000.0,3,2,1300,"Suffolk, VA",230.0
1246,375000.0,3,2,1569,"Suffolk, VA",239.0057361376673
1247,285000.0,3,3,1704,"Williamsburg, VA",167.25352112676057
1248,189900.0,2,2,979,"British Camp Farms, Richmond, VA",193.97344228804903
1249,300000.0,3,3,2144,"Greenbrier West, Chesapeake, VA",139.92537313432837
1250,195000.0,3,2,1248,"Indian River, Chesapeake, VA",156.25
1251,259900.0,3,3,1363,"Mayfield, Fredericksburg, VA",190.68231841526045
1252,500000.0,4,3,2300,"Great Bridge, Chesapeake, VA",217.3913043478261
1253,240000.0,4,2,2620,"Mercury Central, Hampton, VA",91.6030534351145
1254,310000.0,4,3,2000,"Great Bridge East, Chesapeake, VA",155.0
1255,350000.0,4,3,2238,"Fredericksburg, VA",156.38963360142984
1256,295000.0,4,3,2016,"Henrico, VA",146.3293650793651
1257,305000.0,3,3,1620,"Henrico, VA",188.2716049382716
1258,1495000.0,4,6,4758,"Huguenot, Richmond, VA",314.20765027322403
1259,897500.0,4,5,3385,"Hayes, VA",265.1403249630724
1260,270000.0,4,3,2283,"Western Branch South, Chesapeake, VA",118.26544021024966
1261,299750.0,4,2,1750,"South Norfolk, Chesapeake, VA",171.28571428571428
1262,260000.0,3,2,2444,"North Chesterfield, VA",106.38297872340425
1263,380000.0,5,3,2750,"Midlothian, VA",138.1818181818182
1264,489000.0,3,3,2351,"Glen Allen, VA",207.99659719268396
1265,285000.0,3,3,1440,"Chesterfield, VA",197.91666666666666
1266,250000.0,4,3,2350,"Western Branch South, Chesapeake, VA",106.38297872340425
1267,379000.0,4,3,1940,"Charlottesville, VA",195.36082474226805
1268,300000.0,3,2,1905,"Williamsburg, VA",157.48031496062993
1269,315000.0,4,4,2695,"North Chesterfield, VA",116.88311688311688
1270,234950.0,3,2,1053,"Gloucester, VA",223.12440645773978
1271,234900.0,4,2,1568,"Suffolk, VA",149.80867346938774
1272,399999.0,4,2,2100,"Montross, VA",190.47571428571428
1273,739000.0,4,3,2768,"Henrico, VA",266.9797687861272
1274,255000.0,5,3,1900,"Suffolk, VA",134.21052631578948
1275,299000.0,3,2,1300,"Suffolk, VA",230.0
1276,375000.0,3,2,1569,"Suffolk, VA",239.0057361376673
1277,285000.0,3,3,1704,"Williamsburg, VA",167.25352112676057
1278,189900.0,2,2,979,"British Camp Farms, Richmond, VA",193.97344228804903
1279,300000.0,3,3,2144,"Greenbrier West, Chesapeake, VA",139.92537313432837
1280,195000.0,3,2,1248,"Indian River, Chesapeake, VA",156.25
1281,259900.0,3,3,1363,"Mayfield, Fredericksburg, VA",190.68231841526045
1282,500000.0,4,3,2300,"Great Bridge, Chesapeake, VA",217.3913043478261
1283,240000.0,4,2,2620,"Mercury Central, Hampton, VA",91.6030534351145
1284,310000.0,4,3,2000,"Great Bridge East, Chesapeake, VA",155.0
1285,350000.0,4,3,2238,"Fredericksburg, VA",156.38963360142984
1286,295000.0,4,3,2016,"Henrico, VA",146.3293650793651
1287,305000.0,3,3,1620,"Henrico, VA",188.2716049382716
1288,1495000.0,4,6,4758,"Huguenot, Richmond, VA",314.20765027322403
1289,897500.0,4,5,3385,"Hayes, VA",265.1403249630724
1290,270000.0,4,3,2283,"Western Branch South, Chesapeake, VA",118.26544021024966
1291,299750.0,4,2,1750,"South Norfolk, Chesapeake, VA",171.28571428571428
1292,260000.0,3,2,2444,"North Chesterfield, VA",106.38297872340425
1293,380000.0,5,3,2750,"Midlothian, VA",138.1818181818182
1294,489000.0,3,3,2351,"Glen Allen, VA",207.99659719268396
1295,285000.0,3,3,1440,"Chesterfield, VA",197.91666666666666
1296,250000.0,4,3,2350,"Western Branch South, Chesapeake, VA",106.38297872340425
1297,379000.0,4,3,1940,"Charlottesville, VA",195.36082474226805
1298,300000.0,3,2,1905,"Williamsburg, VA",157.48031496062993
1299,315000.0,4,4,2695,"North Chesterfield, VA",116.88311688311688
1300,234950.0,3,2,1053,"Gloucester, VA",223.12440645773978
1301,234900.0,4,2,1568,"Suffolk, VA",149.80867346938774
1302,399999.0,4,2,2100,"Montross, VA",190.47571428571428
1303,739000.0,4,3,2768,"Henrico, VA",266.9797687861272
1304,255000.0,5,3,1900,"Suffolk, VA",134.21052631578948
1305,299000.0,3,2,1300,"Suffolk, VA",230.0
1306,375000.0,3,2,1569,"Suffolk, VA",239.0057361376673
1307,285000.0,3,3,1704,"Williamsburg, VA",167.25352112676057
1308,189900.0,2,2,979,"British Camp Farms, Richmond, VA",193.97344228804903
1309,300000.0,3,3,2144,"Greenbrier West, Chesapeake, VA",139.92537313432837
1310,195000.0,3,2,1248,"Indian River, Chesapeake, VA",156.25
1311,259900.0,3,3,1363,"Mayfield, Fredericksburg, VA",190.68231841526045
1312,500000.0,4,3,2300,"Great Bridge, Chesapeake, VA",217.3913043478261
1313,240000.0,4,2,2620,"Mercury Central, Hampton, VA",91.6030534351145
1314,310000.0,4,3,2000,"Great Bridge East, Chesapeake, VA",155.0
1315,350000.0,4,3,2238,"Fredericksburg, VA",156.38963360142984
1316,295000.0,4,3,2016,"Henrico, VA",146.3293650793651
1317,305000.0,3,3,1620,"Henrico, VA",188.2716049382716
1318,1495000.0,4,6,4758,"Huguenot, Richmond, VA",314.20765027322403
1319,897500.0,4,5,3385,"Hayes, VA",265.1403249630724
1320,270000.0,4,3,2283,"Western Branch South, Chesapeake, VA",118.26544021024966
1321,299750.0,4,2,1750,"South Norfolk, Chesapeake, VA",171.28571428571428
1322,260000.0,3,2,2444,"North Chesterfield, VA",106.38297872340425
1323,380000.0,5,3,2750,"Midlothian, VA",138.1818181818182
1324,489000.0,3,3,2351,"Glen Allen, VA",207.99659719268396
1325,285000.0,3,3,1440,"Chesterfield, VA",197.91666666666666
1326,250000.0,4,3,2350,"Western Branch South, Chesapeake, VA",106.38297872340425
1327,379000.0,4,3,1940,"Charlottesville, VA",195.36082474226805
1328,300000.0,3,2,1905,"Williamsburg, VA",157.48031496062993
1329,315000.0,4,4,2695,"North Chesterfield, VA",116.88311688311688
1330,234950.0,3,2,1053,"Gloucester, VA",223.12440645773978
1331,234900.0,4,2,1568,"Suffolk, VA",149.80867346938774
1332,399999.0,4,2,2100,"Montross, VA",190.47571428571428
1333,739000.0,4,3,2768,"Henrico, VA",266.9797687861272
1334,255000.0,5,3,1900,"Suffolk, VA",134.21052631578948
1335,299000.0,3,2,1300,"Suffolk, VA",230.0
1336,375000.0,3,2,1569,"Suffolk, VA",239.0057361376673
1337,285000.0,3,3,1704,"Williamsburg, VA",167.25352112676057
1338,189900.0,2,2,979,"British Camp Farms, Richmond, VA",193.97344228804903
1339,300000.0,3,3,2144,"Greenbrier West, Chesapeake, VA",139.92537313432837
1340,195000.0,3,2,1248,"Indian River, Chesapeake, VA",156.25
1341,259900.0,3,3,1363,"Mayfield, Fredericksburg, VA",190.68231841526045
1342,500000.0,4,3,2300,"Great Bridge, Chesapeake, VA",217.3913043478261
1343,240000.0,4,2,2620,"Mercury Central, Hampton, VA",91.6030534351145
1344,310000.0,4,3,2000,"Great Bridge East, Chesapeake, VA",155.0
1345,350000.0,4,3,2238,"Fredericksburg, VA",156.38963360142984
1346,295000.0,4,3,2016,"Henrico, VA",146.3293650793651
1347,305000.0,3,3,1620,"Henrico, VA",188.2716049382716
1348,1495000.0,4,6,4758,"Huguenot, Richmond, VA",314.20765027322403
1349,897500.0,4,5,3385,"Hayes, VA",265.1403249630724
1350,270000.0,4,3,2283,"Western Branch South, Chesapeake, VA",118.26544021024966
1351,299750.0,4,2,1750,"South Norfolk, Chesapeake, VA",171.28571428571428
1352,260000.0,3,2,2444,"North Chesterfield, VA",106.38297872340425
1353,380000.0,5,3,2750,"Midlothian, VA",138.1818181818182
1354,489000.0,3,3,2351,"Glen Allen, VA",207.99659719268396
1355,285000.0,3,3,1440,"Chesterfield, VA",197.91666666666666
1356,250000.0,4,3,2350,"Western Branch South, Chesapeake, VA",106.38297872340425
1357,379000.0,4,3,1940,"Charlottesville, VA",195.36082474226805
1358,300000.0,3,2,1905,"Williamsburg, VA",157.48031496062993
1359,315000.0,4,4,2695,"North Chesterfield, VA",116.88311688311688
1360,234950.0,3,2,1053,"Gloucester, VA",223.12440645773978
1361,234900.0,4,2,1568,"Suffolk, VA",149.80867346938774
1362,399999.0,4,2,2100,"Montross, VA",190.47571428571428
1363,739000.0,4,3,2768,"Henrico, VA",266.9797687861272
1364,255000.0,5,3,1900,"Suffolk, VA",134.21052631578948
1365,299000.0,3,2,1300,"Suffolk, VA",230.0
1366,375000.0,3,2,1569,"Suffolk, VA",239.0057361376673
1367,285000.0,3,3,1704,"Williamsburg, VA",167.25352112676057
1368,189900.0,2,2,979,"British Camp Farms, Richmond, VA",193.97344228804903
1369,300000.0,3,3,2144,"Greenbrier West, Chesapeake, VA",139.92537313432837
1370,195000.0,3,2,1248,"Indian River, Chesapeake, VA",156.25
1371,259900.0,3,3,1363,"Mayfield, Fredericksburg, VA",190.68231841526045
1372,500000.0,4,3,2300,"Great Bridge, Chesapeake, VA",217.3913043478261
1373,240000.0,4,2,2620,"Mercury Central, Hampton, VA",91.6030534351145
1374,310000.0,4,3,2000,"Great Bridge East, Chesapeake, VA",155.0
1375,350000.0,4,3,2238,"Fredericksburg, VA",156.38963360142984
1376,295000.0,4,3,2016,"Henrico, VA",146.3293650793651
1377,305000.0,3,3,1620,"Henrico, VA",188.2716049382716
1378,1495000.0,4,6,4758,"Huguenot, Richmond, VA",314.20765027322403
1379,897500.0,4,5,3385,"Hayes, VA",265.1403249630724
1380,270000.0,4,3,2283,"Western Branch South, Chesapeake, VA",118.26544021024966
1381,299750.0,4,2,1750,"South Norfolk, Chesapeake, VA",171.28571428571428
1382,260000.0,3,2,2444,"North Chesterfield, VA",106.38297872340425
1383,380000.0,5,3,2750,"Midlothian, VA",138.1818181818182
1384,489000.0,3,3,2351,"Glen Allen, VA",207.99659719268396
1385,285000.0,3,3,1440,"Chesterfield, VA",197.91666666666666
1386,250000.0,4,3,2350,"Western Branch South, Chesapeake, VA",106.38297872340425
1387,379000.0,4,3,1940,"Charlottesville, VA",195.36082474226805
1388,300000.0,3,2,1905,"Williamsburg, VA",157.48031496062993
1389,315000.0,4,4,2695,"North Chesterfield, VA",116.88311688311688
1390,234950.0,3,2,1053,"Gloucester, VA",223.12440645773978
1391,234900.0,4,2,1568,"Suffolk, VA",149.80867346938774
1392,399999.0,4,2,2100,"Montross, VA",190.47571428571428
1393,739000.0,4,3,2768,"Henrico, VA",266.9797687861272
1394,255000.0,5,3,1900,"Suffolk, VA",134.21052631578948
1395,299000.0,3,2,1300,"Suffolk, VA",230.0
1396,375000.0,3,2,1569,"Suffolk, VA",239.0057361376673
1397,285000.0,3,3,1704,"Williamsburg, VA",167.25352112676057
1398,189900.0,2,2,979,"British Camp Farms, Richmond, VA",193.97344228804903
1399,300000.0,3,3,2144,"Greenbrier West, Chesapeake, VA",139.92537313432837
1400,195000.0,3,2,1248,"Indian River, Chesapeake, VA",156.25
1401,259900.0,3,3,1363,"Mayfield, Fredericksburg, VA",190.68231841526045
1402,500000.0,4,3,2300,"Great Bridge, Chesapeake, VA",217.3913043478261
1403,240000.0,4,2,2620,"Mercury Central, Hampton, VA",91.6030534351145
1404,310000.0,4,3,2000,"Great Bridge East, Chesapeake, VA",155.0
1405,350000.0,4,3,2238,"Fredericksburg, VA",156.38963360142984
1406,295000.0,4,3,2016,"Henrico, VA",146.3293650793651
1407,305000.0,3,3,1620,"Henrico, VA",188.2716049382716
1408,1495000.0,4,6,4758,"Huguenot, Richmond, VA",314.20765027322403
1409,897500.0,4,5,3385,"Hayes, VA",265.1403249630724
1410,270000.0,4,3,2283,"Western Branch South, Chesapeake, VA",118.26544021024966
1411,299750.0,4,2,1750,"South Norfolk, Chesapeake, VA",171.28571428571428
1412,260000.0,3,2,2444,"North Chesterfield, VA",106.38297872340425
1413,380000.0,5,3,2750,"Midlothian, VA",138.1818181818182
1414,489000.0,3,3,2351,"Glen Allen, VA",207.99659719268396
1415,285000.0,3,3,1440,"Chesterfield, VA",197.91666666666666
1416,250000.0,4,3,2350,"Western Branch South, Chesapeake, VA",106.38297872340425
1417,379000.0,4,3,1940,"Charlottesville, VA",195.36082474226805
1418,300000.0,3,2,1905,"Williamsburg, VA",157.48031496062993
1419,315000.0,4,4,2695,"North Chesterfield, VA",116.88311688311688
1420,234950.0,3,2,1053,"Gloucester, VA",223.12440645773978
1421,234900.0,4,2,1568,"Suffolk, VA",149.80867346938774
1422,399999.0,4,2,2100,"Montross, VA",190.47571428571428
1423,739000.0,4,3,2768,"Henrico, VA",266.9797687861272
1424,255000.0,5,3,1900,"Suffolk, VA",134.21052631578948
1425,299000.0,3,2,1300,"Suffolk, VA",230.0
1426,375000.0,3,2,1569,"Suffolk, VA",239.0057361376673
1427,285000.0,3,3,1704,"Williamsburg, VA",167.25352112676057
1428,189900.0,2,2,979,"British Camp Farms, Richmond, VA",193.97344228804903
1429,300000.0,3,3,2144,"Greenbrier West, Chesapeake, VA",139.92537313432837
1430,195000.0,3,2,1248,"Indian River, Chesapeake, VA",156.25
1431,259900.0,3,3,1363,"Mayfield, Fredericksburg, VA",190.68231841526045
1432,500000.0,4,3,2300,"Great Bridge, Chesapeake, VA",217.3913043478261
1433,240000.0,4,2,2620,"Mercury Central, Hampton, VA",91.6030534351145
1434,310000.0,4,3,2000,"Great Bridge East, Chesapeake, VA",155.0
1435,350000.0,4,3,2238,"Fredericksburg, VA",156.38963360142984
1436,295000.0,4,3,2016,"Henrico, VA",146.3293650793651
1437,305000.0,3,3,1620,"Henrico, VA",188.2716049382716
1438,1495000.0,4,6,4758,"Huguenot, Richmond, VA",314.20765027322403
1439,897500.0,4,5,3385,"Hayes, VA",265.1403249630724
1440,270000.0,4,3,2283,"Western Branch South, Chesapeake, VA",118.26544021024966
1441,299750.0,4,2,1750,"South Norfolk, Chesapeake, VA",171.28571428571428
1442,260000.0,3,2,2444,"North Chesterfield, VA",106.38297872340425
1443,380000.0,5,3,2750,"Midlothian, VA",138.1818181818182
1444,489000.0,3,3,2351,"Glen Allen, VA",207.99659719268396
1445,285000.0,3,3,1440,"Chesterfield, VA",197.91666666666666
1446,250000.0,4,3,2350,"Western Branch South, Chesapeake, VA",106.38297872340425
1447,379000.0,4,3,1940,"Charlottesville, VA",195.36082474226805
1448,300000.0,3,2,1905,"Williamsburg, VA",157.48031496062993
1449,315000.0,4,4,2695,"North Chesterfield, VA",116.88311688311688
1450,234950.0,3,2,1053,"Gloucester, VA",223.12440645773978
1451,234900.0,4,2,1568,"Suffolk, VA",149.80867346938774
1452,399999.0,4,2,2100,"Montross, VA",190.47571428571428
1453,739000.0,4,3,2768,"Henrico, VA",266.9797687861272
1454,255000.0,5,3,1900,"Suffolk, VA",134.21052631578948
1455,299000.0,3,2,1300,"Suffolk, VA",230.0
1456,375000.0,3,2,1569,"Suffolk, VA",239.0057361376673
1457,285000.0,3,3,1704,"Williamsburg, VA",167.25352112676057
1458,189900.0,2,2,979,"British Camp Farms, Richmond, VA",193.97344228804903
1459,300000.0,3,3,2144,"Greenbrier West, Chesapeake, VA",139.92537313432837
1460,195000.0,3,2,1248,"Indian River, Chesapeake, VA",156.25
1461,259900.0,3,3,1363,"Mayfield, Fredericksburg, VA",190.68231841526045
1462,500000.0,4,3,2300,"Great Bridge, Chesapeake, VA",217.3913043478261
1463,240000.0,4,2,2620,"Mercury Central, Hampton, VA",91.6030534351145
1464,310000.0,4,3,2000,"Great Bridge East, Chesapeake, VA",155.0
1465,350000.0,4,3,2238,"Fredericksburg, VA",156.38963360142984
1466,295000.0,4,3,2016,"Henrico, VA",146.3293650793651
1467,305000.0,3,3,1620,"Henrico, VA",188.2716049382716
1468,1495000.0,4,6,4758,"Huguenot, Richmond, VA",314.20765027322403
1469,897500.0,4,5,3385,"Hayes, VA",265.1403249630724
